일자,종목명_리포트요약,투자의견,목표주가,전일종가,제공처_작성자
2025-07-13,"HL만도 A204320 -2Q25 Preview - 관세 영향에도 기대치 충족
2Q25 매출액 2.2조원, 영업이익 992억원으로 컨센서스 부합 예상
인도 현대차그룹, Local OEM 매출 성장, 중국 HMA 산하 브랜드 비중 증가",BUY,51000,35000,"상상인증권
유민기"
2025-07-13,"현대위아 A011210 -2Q25 Preview - 장기 수익성 개선은 긍정적이나
2Q25 매출액 2.2조원, 영업이익 517억원으로 컨센서스 부합 예상
멕시코 법인 하이브리드 엔진 생산시점은 2026년, 장기 수익성 회복은 긍정적",HOLD,55000,51000,"상상인증권
유민기"
2025-07-14,"한전KPS A051600 -점진적인 원전 정비 수요 증가 및 신규 시장 진출 기대
투자의견 Buy, 목표주가 63,000원으로 상향
2Q25 영업이익 610억원 (-18.0% YoY): 계획예방정비 일수 축소에 따른 원전 정비 매출 감소 예상",BUY,63000,52600,"KB증권
정혜정"
2025-07-14,"화승엔터프라이즈 A241590 -2분기 수주 일부 이연
2분기 관세 영향으로 수주 일부 이연
오더 이연되면서 매출성장률과 마진 예상치 보다 낮아진 것으로 추정",BUY,13000,7960,"대신증권
유정현"
2025-07-14,"한세실업 A105630 -환율 변동에 따른 원가율 상승으로 실적 부진 전망
OEM 부문 매출 성장률 달러 기준 2% 성장 전망
고환율 매입 원재료가 저환율 매출 제품 투입으로 원가율 상승",BUY,15000,11080,"대신증권
유정현"
2025-07-14,"영원무역 A111770 -신규 브랜드가 이끄는 양호한 실적 전망
2분기 OEM 부문 매출 성장률 달러 기준 8% 성장 전망
Scott은 2분기에 1분기 수준의 적자폭 유지 예상",BUY,70000,60200,"대신증권
유정현"
2025-07-14,"더블유게임즈 A192080 -성장과 주주환원까지 한방에 해결
2Q25 예상실적 매출액 1,757억원(+8.8% yoy), 영업이익 581억원(+16.6% yoy)으로 시장 컨센서스에 부합할 것으로 추정
와우게임즈 인수와 자사주 매입, 성장과 주주환원을 모두 달성",BUY,74000,57800,"부국증권
이준규"
2025-07-14,"이마트 A139480 -2Q25 Preview
이마트의 2Q25 연결기준 영업이익 343억원으로 시장 컨센서스에 부합할 것으로 전망된다
하반기에는 내수 소비경기 회복, 주력 경쟁사 영업력 약화 등에 힘입어, 비용 절감 외에도 매출 회복 측면에서 실적 개선 모멘텀이 강화될 전망이다",BUY,140000,95400,"키움증권
박상준"
2025-07-14,"기아 A000270 -2Q25 Pre: 1H 선수요 반영, 2H M/S 확장 여부 주목
2Q25 Pre: 선수요 반영, 인센티브 하락 수혜
불안한 미국 시장, 그럼에도 M/S 확장 통한 미래 성장동력 확보",BUY,123000,99800,"교보증권
김광식"
2025-07-14,"롯데쇼핑 A023530 -2Q25 Preview
롯데쇼핑의 2Q25 연결기준 영업이익은 416억원(-26% YoY)으로 시장 컨센서스를 하회할 것으로 전망된다
하반기에는 내수 소비경기 회복, 해외사업의 구조적 성장 등에 힘입어, 상반기 대비 실적 개선 모멘텀이 강화될 전망이다",BUY,95000,74600,"키움증권
박상준"
2025-07-14,"현대백화점 A069960 -2Q25 Preview
현대백화점의 2Q25 연결기준 영업이익은 770억원(+80% YoY)으로 시장 컨센서스를 하회할 전망이다
자회사 지누스는 관세율에 따라 실적 추정치가 변경될 수 있다",BUY,95000,79700,"키움증권
박상준"
2025-07-14,"신세계 A004170 -2Q25 Preview
신세계의 2Q25 연결기준 영업이익은 824억원(-30% YoY)으로 시장 컨센서스를 하회할 것으로 전망된다
하반기에는 내수 소비경기 회복, 시내면세점 할인율 축소 등에 힘입어, 상반기 대비 실적 개선 모멘텀이 강화될 전망이다",BUY,225000,187200,"키움증권
박상준"
2025-07-14,"iM금융지주 A139130 -빠른 자본비율 상승으로 환원 확대 가능
투자의견 매수 유지, 목표주가 19,000원으로 상향
주주환원 목표치 상승 기대",매수,19000,14680,"미래에셋증권
정태준"
2025-07-14,"HD현대일렉트릭 A267260 -너무 어려울 때는 단순하게 생각하기
변압기: 분명한 쇼티지 장기화
북미 수주잔고, 가장 열려있는 가능성",TRADING BUY,570000,482500,"교보증권
김광식"
2025-07-14,"GS리테일 A007070 -2Q25 Preview
GS리테일의 2Q25 연결기준 영업이익은 698억원(-14% YoY)으로 시장 기대치를 하회할 것으로 전망된다
한편, 7/21부터 신청 가능한 민생지원금은 단기적으로 업황 부진을 일부 방어해 줄 수 있을 것이다",BUY,21000,17550,"키움증권
박상준"
2025-07-14,"기업은행 A024110 -배당소득 비과세 기대는 충분히 반영
투자의견 중립 유지, 목표주가 20,000원으로 상향
정책 기대감은 충분히 반영",중립,20000,20500,"미래에셋증권
정태준"
2025-07-14,"효성중공업 A298040 -환골탈태, 모든 것이 개선 중
ITEM 다변화: 초고압 차단기
지역 다변화: 유럽 M/S 확장 기대",BUY,1180000,1058000,"교보증권
김광식"
2025-07-14,"BGF리테일 A282330 -2Q25 Preview
BGF리테일의 2Q25 연결기준 영업이익은 688억원(-10% YoY)으로 시장 컨센서스를 하회할 것으로 전망된다
한편, 7/21부터 신청 가능한 민생지원금은 단기적으로 업황 부진을 일부 방어해 줄 수 있을 것이다.",BUY,135000,121000,"키움증권
박상준"
2025-07-14,"LS ELECTRIC A010120 -꿈이 현실이 되기까지 일보
본격화되는 북미 확장
이어지는 고객사 확장",BUY,350000,286500,"교보증권
김광식"
2025-07-14,"산일전기 A062040 -넓은 미국 배전 시장, 할 일은 많다
배전변압기: 우려를 해소할 만큼, 좋은 시장
이어지는 CAPA 확장",BUY,123000,95700,"교보증권
김광식"
2025-07-14,"대한항공 A003490 -모멘텀은 이제 시작
2Q25 Review: 단거리 여객 및 항공우주 부문으로 감익 최소화
하반기 성수기 효과, 장기적으로 항공우주사업에 기대",매수,30000,25950,"미래에셋증권
류제현"
2025-07-14,"BNK금융지주 A138930 -건전성 우려 완화
자산건전성 우려 완화 긍정적
2분기 지배주주순이익은 컨센서스에 부합하는 2,489억원을 예상",매수,19000,15650,"미래에셋증권
정태준"
2025-07-14,"우리금융지주 A316140 -장기 보유 매력 유효
투자의견 매수로 상향, 목표주가 29,000원으로 상향
주주환원 매력 배가 예상",매수,29000,24850,"미래에셋증권
정태준"
2025-07-14,"삼성전자 A005930 -실망감도 이미 반영된 주가
동사의 북미 최대 GPU 제조사향 HBM 3E 12단 납품이 3Q25 이후로 미뤄졌다
2Q25 잠정실적은 매출액 74.1조원(QoQ -6.4%), OP 4.6조원(QoQ -31.8%)을 기록",매수,78000,67100,"미래에셋증권
김영건"
2025-07-14,"대한항공 A003490 -2Q25 review: lower fuel expenses to offset rising costs
2Q25 separate sales W3.99tn and OP W399bn
In 2H25, passenger positive, air cargo uncertain",BUY,31000,25950,"유안타증권
최지운"
2025-07-14,"한화에어로스페이스 A012450 -Local bases: long term growth driver
Above-consensus 2Q25 revenue and in-line OP expected
Robust short-term performance, local bases: long-term growth driver",BUY,1100000,896000,"LS증권
최정환"
2025-07-14,"SK하이닉스 A000660 -적정가치 도달
최근 경쟁사의 HBM3E 12단 고객사 납품 지연에 따라 업종상승 모멘텀을 녹식하며 적정 주가에 예상보다 빠르게 안착했다는 판단
2Q25 매출액 실적은 20.7조원(QoQ +17.4%), 영업이익 9.1조원(QoQ +22.2%)를 기록할 것으로 전망",중립,300000,269000,"미래에셋증권
김영건"
2025-07-14,"롯데관광개발 A032350 -Brand power to drive earnings growth
2Q25 preview: sales +31.9% YoY; OP +375.2% YoY
Earnings growth likely to be driven by brand power",BUY,23000,17670,"유안타증권
이환욱"
2025-07-14,"HDC현대산업개발 A294870 -믿을 건 결국 실적
2Q25 Preview 이익 성장 초입
믿을 건 결국 실적",BUY,35000,23500,"대신증권
이태환"
2025-07-14,"코웨이 A021240 -주가 상승의 톱니바퀴가 맞물린 모습
2Q25 Preview
국내/말련 호조에 더해 지수함수에 올라탄 태국법인",BUY,140000,106500,"한화투자증권
이진협"
2025-07-14,"한미반도체 A042700 -Ramping up overseas clients
2Q25 preview
MSVP to cover delayed TC bonder delivery",BUY,120000,87800,"LS증권
차용호"
2025-07-14,"하이브 A352820 -멀리서 보면 희극
2Q25 Preveiw: 매출 7,165억원, 영업이익 664억원
장기적 사업 전략 기대감으로 목표주가 390,000원 유지",매수,390000,268000,"미래에셋증권
김규연"
2025-07-14,"LG디스플레이 A034220 -OLED TV와 모바일의 수익성 개선 기대
2분기 프리뷰, 실적은 환율 영향으로 시장 예상치 하회 전망
하반기 모바일 OLED 출하 증가와 TV OLED 수익성 개선 기대감 유효",BUY,11000,9210,"삼성증권
장정훈"
2025-07-14,"대한항공 A003490 -2Q review: A decent performance in off-season
Korean Air reported that the parent-based sales held steady y-y at KRW3.98t in 2Q but operating profit declined 3.5% y-y to KRW399b, for an operating margin of 10% (down 0.3%pts y-y)
The y-y contraction was attributable to sluggish sales at the passenger and cargo divisions, even though falling jet fuel cost reduced operating expenses slightly",BUY,30000,25950,"삼성증권
김영호"
2025-07-14,"대한항공 A003490 -Momentum is just beginning
2Q25 review: Short-haul passenger segment and aerospace help cushion decline
Strong seasonality in 2H25 and long-term growth potential in aerospace",매수,30000,25950,"미래에셋증권
류제현"
2025-07-14,"삼성SDI A006400 -2Q25 Preview: 이어지는 고난
적자를 벗어나기 어려운 현실
인건비의 계절성 영향으로 하반기 적자폭은 감소 예상",중립,,182500,"한국투자증권
최문선"
2025-07-14,"BNK금융지주 A138930 -Easing asset quality concerns
Upgrade to Buy; raise TP to W19,000
Positive: Asset quality risk easing",매수,19000,15650,"미래에셋증권
정태준"
2025-07-14,"KB금융 A105560 -The final step toward a P/B of 1.0x
Retain Buy and raise TP to W167,000
Poised to set a new benchmark for shareholder returns",매수,167000,113400,"미래에셋증권
정태준"
2025-07-14,"하나금융지주 A086790 -Shareholder returns to gain momentum
Maintain Buy and raise TP to W133,000
Shareholder returns likely to exceed expectations",매수,133000,91500,"미래에셋증권
정태준"
2025-07-14,"신한지주 A055550 -More aggressive shareholder returns likely
Maintain Buy and raise TP to W97,000
More aggressive shareholder returns likely",매수,97000,68900,"미래에셋증권
정태준"
2025-07-14,"iM금융지주 A139130 -Capital ratio improvement increases room for shareholder returns
Raise TP to W19,000 and maintain Buy
Upside to shareholder returns",매수,19000,14680,"미래에셋증권
정태준"
2025-07-14,"우리금융지주 A316140 -Long-term hold still appealing
Upgrade to Buy; raise TP to W29,000
Shareholder return potential to expand",매수,29000,24850,"미래에셋증권
정태준"
2025-07-14,"SK하이닉스 A000660 -Fair value reached
Raise TP to W300,000; downgrade to Hold
2Q25 preview",중립,300000,269000,"미래에셋증권
김영건"
2025-07-14,"삼성전자 A005930 -Disappointment already priced in
Investment points and valuation
12-month forward P/B band chart",매수,78000,67100,"미래에셋증권
김영건"
2025-07-14,"대한항공 A003490 -대한항공 2Q25 별도 실적 Review
매출 3조 9,859억원 (-0.9% YoY) 및 영업이익 3,990억원 (-3.5% YoY)으로 컨센서스 부합",,,25950,"신한투자증권
최민기"
2025-07-14,"DB하이텍 A000990 -US-China conflicts on semiconductor a boon
US-China conflicts on semiconductor a boon
Reiterate BUY and target price of W64,000",BUY,64000,47300,"LS증권
차용호"
2025-07-14,"삼성바이오로직스 A207940 -집중의 로직스, 진화의 에피스
사업구조를 CDMO 사업과 투자부문으로 분리하는 인적분할 공시. 이에 따라 CDMO 고객사로부터 이해상충 우려가 해소, 수주 경쟁력을 높일 전망. 긍정적으로 평가
CDMO 로직스 기업가치 상승 전망",매수,1350000,1051000,"미래에셋증권
김승민"
2025-07-14,"유한양행 A000100 -LAZCLUZE, API, Earnings, Allergy Let’sgo
MARIPOSA OS 데이터 기반 시장 침투 가속화 예상. 최종 OS 데이터는 4Q25 예상
해외 부문 고성장 지속. 길리어드향 API(lenacapavir 추정. HIV PrEP 적응증 허가, 약 1,900억원 공급계약 체결) 수출 증가",매수,160000,132000,"미래에셋증권
김승민"
2025-07-14,"SK바이오팜 A326030 -가파른 센티멘트 회복 예상
미국 관세 불확실성과 예상치 하회하는 실적 등으로 최근 주가 하락했으나 과도한 하락으로 판단
엑스코프리 가이던스 달성 전망",매수,150000,103000,"미래에셋증권
김승민"
2025-07-14,"에이비엘바이오 A298380 -BBB 셔틀 추가 기술 수출 기대
23년 10월 로슈의 트론티네맙(간테네루맙+Brain 셔틀) 데이터 발표(PoC 입증) 이후 빅파마들의 BBB 셔틀 확보 경쟁 가속화(2H25 트론티네맙 임상3상 시작)
GSK와 Grabody-B 기반 항체, siRNA, ASO 등 모달리티를 활용한 복수 타깃의 퇴행성 뇌질환 신약 개발 계약 체결. Amyloid-ß, tau 등 타깃 미포함. 추가 기술 이전 가능성 점증",Not Rated,,74300,"미래에셋증권
김승민"
2025-07-14,"디앤디파마텍 A347850 -MASH 기술 수출 및 Metsera 임상 개발 주목
GLP-1/GCG DD01, MASH 임상2상에서 12주차 30% 이상 지방간 감소 환자 비율 75.8% (vs. 위약 11.8%). 짧은 투약 기간(12주)에도 장기투여(24~72주) 경쟁 약물 대비 우수한 유효성
MRI-PDFF(지방간 감소)와 조직생검 결과(MASH 해소, Fibrosis 개선) 간 상관관계 높기에 1H26 조직 생검 결과 기대감 상승. 지방간 감소 효과 기반 연내 기술이전 추진 목표",Not Rated,,154100,"미래에셋증권
김승민"
2025-07-14,"리가켐바이오 A141080 -멀티에셋 ADC 플랫폼 패키지 기술수출 기대
BioBest 전략 발표
파트너사 익수다 임상 현황",매수,170000,147400,"미래에셋증권
김승민"
2025-07-14,"에이프릴바이오 A397030 -Human PoC 데이터 발표 주목
알부민 바인더 융합기술 SAFA(anti-Serum Albumin Fab Associate) 보유 바이오텍
3Q25, 룬드벡 기술수출한 CD40L 저해 APB-A1 임상1b상 갑상선안병증(TED) 중간 결과 발표 예상",Not Rated,,23000,"미래에셋증권
김승민"
2025-07-14,"S-Oil A010950 -Oil-2Q 매우 부진하나 3Q 대폭 개선
2Q25 영업이익 -3,607억원(QoQ 적지, YoY 적전)으로 컨센(-1,929억원) 대폭 하회 전망
3Q25 영업이익 3,323억원(QoQ 흑전, YoY 흑전) 추정",BUY,80000,61900,"하나증권
윤재성"
2025-07-14,"SK이노베이션 A096770 -정유 적자 확대 vs. SK온 개선
2Q25 영업이익 -4,563억원(QoQ 적지, YoY 적지) 전망. 컨센(-2,064억원) 대폭 하회 추정
3Q25 영업이익 4,078억원(QoQ 흑전, YoY 흑전) 추정",NEUTRAL,120000,113500,"하나증권
윤재성"
2025-07-14,"유니드 A014830 -환율/운임 영향으로 컨센 소폭 하회
2Q25 영업이익 338억원(QoQ +18%, YoY -4%)으로 컨센(379억원) 11% 하회 전망
3Q25 영업이익 363억원(QoQ +8%, YoY +77%) 전망",BUY,130000,84800,"하나증권
윤재성"
2025-07-14,"코오롱인더 A120110 -영업이익 컨센 하회 vs. 코오롱스포츠차이나의 약진
2Q25 영업이익 427억원(QoQ +59%, YoY -28%) 전망
3Q25 영업이익 193억원(QoQ -55%, YoY -41%) 추정",BUY,52000,43500,"하나증권
윤재성"
2025-07-14,"롯데정밀화학 A004000 -3Q25 확실한 개선
2Q25 영업이익 82억원(QoQ -57%, YoY -52%) 전망
3Q25 영업이익 203억원(QoQ +148%, YoY +96%) 추정",BUY,50000,43000,"하나증권
윤재성"
2025-07-14,"효성티앤씨 A298020 -컨센 소폭 하회 전망
2Q25 영업이익 754억원(QoQ -3%, YoY -11%) 전망
3Q25 영업이익 792억원(QoQ +5%, YoY +17%) 추정",BUY,320000,254500,"하나증권
윤재성"
2025-07-14,"HS효성첨단소재 A298050 -컨센 부합 예상
2Q25 영업이익 550억원(QoQ +12%, YoY -16%)으로 컨센(585억원) 부합 전망
3Q25 영업이익 598억원(QoQ +9%, YoY +35%) 추정",BUY,240000,202000,"하나증권
윤재성"
2025-07-14,"KCC A002380 -꾸준한 이익 체력과 밸류업 가능성
2Q25 영업이익 1,097억원(QoQ +6%, YoY -22%) 전망
3Q25 영업이익 1,207억원(QoQ +10%, YoY -4%) 추정",BUY,440000,379000,"하나증권
윤재성"
2025-07-14,"금호석유화학 A011780 -하반기 업황 개선과 높은 자사주 보유 비율
2Q25 영업이익 684억원(QoQ -43%, YoY -43%) 전망
3Q25 영업이익 940억원(QoQ +37%, YoY +45%) 추정",BUY,160000,126300,"하나증권
윤재성"
2025-07-14,"롯데케미칼 A011170 -적자폭 확대 예상
2Q25 영업이익 -2,070억원(QoQ 적지, YoY 적지) 예상
3Q25 영업이익 -1,039억원(QoQ 적지, YoY 적지) 추정",NEUTRAL,75000,66000,"하나증권
윤재성"
2025-07-14,"한화솔루션 A009830 -컨센 14% 상회 추정
2Q25 영업이익 1,393억원(QoQ +360%, YoY 흑전) 전망
3Q25 영업이익 2,008억원(QoQ +44%, YoY 흑전) 추정",BUY,40000,35300,"하나증권
윤재성"
2025-07-14,"LG화학 A051910 -컨센 상회. 다만, LGES 제외 시 부진
2Q25 영업이익 4,883억원(QoQ +9%, YoY +20%) 전망
3Q25 영업이익 3,738억원(QoQ -24%, YoY -25%) 전망",NEUTRAL,270000,272500,"하나증권
윤재성"
2025-07-14,"LG디스플레이 A034220 -2Q preview; Margins on OLED TV- and mobile-use panels to rise in 2H
2Q results miss due to forex effects
Uncertainty over President Trump’s tariffs to linger, but anticipation for notable profitability hike in 2H still valid",BUY,11000,9210,"삼성증권
장정훈"
2025-07-14,"S-Oil A010950 -Oil-Earnings likely to improve sharply in 2H25
Lift TP to W82,000 and maintain Buy
2Q25 preview: Earnings likely hurt by lower oil prices and unfavorable FX",,,61900,"미래에셋증권
이진호"
2025-07-14,"엘앤에프 A066970 -선제적 LFP 공급망 대응
엘앤에프의 LFP 사업 구체화
선제적 LFP 사업 대응의 긍정론",,,62200,"메리츠증권
노우호"
2025-07-14,"HL만도 A204320 -2Q25 Review: 알파 추구 전략 유효
2Q25 Preview 및 투자의견 점검: 저가매수 전략 유효 시점
투자의견 BUY, 적정주가는 기존 50,000원 유지. 적정주가 산정을 위한 밸류에이션은 2025년 EPS에 P/E 10배를 적용.",BUY,50000,35000,"다올투자증권
유지웅"
2025-07-14,"이수페타시스 A007660 -거대한 변화의 앞에서
2Q25E Preview: 컨센서스 소폭 하회 전망
변화 없는 큰 그림 → 당사 커버리지 Top-pick 의견 유지",BUY,65000,60300,"메리츠증권
양승수"
2025-07-14,"대우건설 A047040 -2Q25 Preview: 새로운 청사진이 필요
컨센서스 부합 추정
하반기 분양/수주 확대 기대",매수,4800,4015,"IBK투자증권
조정현"
2025-07-14,"파인엠텍 A441270 -시선은 위로
2Q25 Preview: 2Q는 부진, 3Q 실적 상향 가능성 상존
북미 고객사 폴더블 공급망 합류 기대감 유효",BUY,8200,11350,"메리츠증권
양승수"
2025-07-14,"한미반도체 A042700 -해외고객사 중심 확대 전략 유효
2Q25 Preview
2025년 TCB 일부 이연은 MSVP가 대체할 전망",BUY,120000,87800,"LS증권
차용호"
2025-07-14,"스튜디오드래곤 A253450 -한동안 없을 바닥
상저하고의 실적 흐름 기대
2Q25 Preview: 역대 최소 분기 방영회차",BUY,62000,47950,"NH투자증권
이화정"
2025-07-14,"하이브 A352820 -그럼에도 잘 될 걸 아니까
2분기 매출액은 6,891억원(+7.6%yoy), 영업이익은 659억원(+29.5%yoy)으로 시장 컨센서스 하회 전망
주요 아티스트들의 컴백과 투어가 활발히 이어지며 외형은 견조한 성장을 이어가겠지만, 1) 일본 신인 보이그룹(아오엔) 데뷔 및 라틴 신인 데뷔 프로그램 제작비, 2) 세븐틴 10주년 페스타 관련 비용 등이 반영되며 이익은 다소 부진할 것으로 전망. 다만, 공연 및 캐릭터 MD 호조에 따른 MD 매출 확대 긍정적",BUY,370000,268000,"유진투자증권
이현지"
2025-07-14,"대한항공 A003490 -2Q25 Re: 고운임과 유류단가 하락에 따른 호실적
투자의견 Buy, 목표주가 29,000원 유지
2Q25 별도 영업이익 3,990억원(-3.5% YoY) 기록",BUY,29000,25950,"iM증권
배세호"
2025-07-14,"세아베스틸지주 A001430 -2Q 예상 수준 실적 기대. 저평가 해소 중
25년 2분기 영업이익 380억원으로 예상되며 당사 추정치는 컨센서스 수준
중기적으로 세아베스틸의 CASK(사용 후 핵연료 건식 저장 용기)와 세아창원의 미국 공장이 동사의 기업가치 향상에 긍정적으로 작용할 것으로 예상",BUY,38000,33650,"현대차증권
박현욱"
2025-07-14,"대한항공 A003490 -[2Q25 Review] 선방한 2분기. 내심 기대하는 3분기
2Q25 Review: 선방한 2분기. 내심 기대하는 3분기
투자의견 Buy, 목표주가 30,000원 유지. 밸류에이션 매력도 부각되는 구간",BUY,30000,25950,"한화투자증권
박수영"
2025-07-14,"하나마이크론 A067310 -결국 중요한 건 베트남 사업 성장
2Q25E Preview: 컨센서스 부합 전망
분할 승인 시 단기적 수익성 감소 불가피, 26E 베트남 실적 성장 관건",BUY,15000,11140,"메리츠증권
김동관"
2025-07-14,"셀트리온 A068270 -2Q25 Pre: 점진적인 회복, 컨센 부합
2Q25 Pre: 고마진 후속 제품의 성장으로 컨센 부합
점진적으로 개선될 실적, 2025 년 영업이익 +126% 성장 기대",매수,221539,180300,"SK증권
이선경"
2025-07-14,"S-Oil A010950 -Oil-예정된 부진과 빠른 턴어라운드
2Q25 Preview: 유가 하락과 환율 효과로 예정된 부진
하반기 전망: 정제마진 호조에 유가가 올라준다면?",매수,82000,61900,"미래에셋증권
이진호"
2025-07-14,"제일기획 A030000 -느리게 회복되고 있는 업황
2Q25 Preview: 시장 컨센서스 소폭 하회 전망
2025년 연결 영업이익 3,376억원(+5.3% YoY) 전망",BUY,26000,21900,"메리츠증권
정지수"
2025-07-14,"한화솔루션 A009830 -태양광, 하반기 이후 분위기는 더욱 좋아질 것
미국 하원에서 가정용 태양광 ITC를 제거했으나, ‘27년까지 부활. ’26~’27년 전망치 상향
당초 미국 하원에서 가정용 태양광 ITC 제거했으나, ‘27년까지 지급으로 우호적인 변화",BUY,51000,35300,"현대차증권
강동진"
2025-07-14,"이노션 A214320 -주요 광고주의 마케팅 전략 변화를 주시
2Q25 Preview: 시장 컨센서스 부합 전망
2025년 연결 영업이익 1,662억원(+6.7% YoY) 전망",BUY,26700,20700,"메리츠증권
정지수"
2025-07-14,"코리안리 A003690 -제한적인 고액 사고 영향 전망
목표주가 13,000원으로 상향
여전히 양호한 업황과 낮은 제도 불확실성",매수,13000,10990,"SK증권
설용진"
2025-07-14,"LG유플러스 A032640 -U턴 지속 중
2분기 연결 매출액 3조 5,856억원(+3.3%yoy), 영업이익 2,787억원(+9.7%yoy), 시장 컨센서스 소폭 상회 전망
6개분기 연속 감익 흐름에서 벗어나 지난 분기부터 시작된 턴어라운드가 지속되고 있음",BUY,18000,14990,"유진투자증권
이찬영"
2025-07-14,"에스엠 A041510 -Clean work
2분기 매출액은 2,824억원(+11.2%yoy), 영업이익은 393억원(+58.7%yoy)으로 시장 컨센서스 부합 전망
에스파, 라이즈 등 주요 아티스트의 컴백 영향으로 분기 앨범 판매량이 약 590만장 반영되며 외형 견인",BUY,170000,130700,"유진투자증권
이현지"
2025-07-14,"동아에스티 A170900 -2Q25 Preview: 흔들림 속 방향 유지
2Q25 별도 매출액 1,732억원(+9.9% YoY, +2.5% QoQ), 영업이익 61억원(-14.0% YoY, -12.9% QoQ; OPM 3.5%)으로 추정
그로트로핀, 모티리톤 등 ETC 품목은 성장하지만 박카스 등 수출 매출 감소, 도입 품목(자큐보, 타나민 등) 매출 확대에 따른 원가율 상승으로 시장 기대치 하회 예상",BUY,65000,50800,"다올투자증권
이지수"
2025-07-14,"HK이노엔 A195940 -2Q25 Pre: 일회성 요인으로 컨센 하회
2Q25 Pre: 외주 생산 업체 이슈로 HB&B 사업부 부진
하반기 유럽 기술이전 및 미국 FDA 승인 신청 기대",매수,65000,44000,"SK증권
이선경"
2025-07-14,"와이지엔터테인먼트 A122870 -좋은 건 같이 알기
2분기 매출액은 1,164억원(+29.3%yoy), 영업이익은 14억원(흑자전환yoy)으로 시장 컨센서스 하회 전망
아티스트 신보 컴백은 없었지만, 베이비몬스터와 트레저 투어 반영되며 콘서트 및 MD 매출이 외형 성장 견인",BUY,110000,84900,"유진투자증권
이현지"
2025-07-14,"JYP Ent. A035900 -K-Pop Hunters
2분기 매출액은 1,883억원(+96.8%yoy), 영업이익은 444억원(+375.0%yoy)으로 시장 컨센서스 상회 전망
데이식스, 엔믹스를 비롯해 스트레이키즈의 북미 스타디움 투어가 반영되며 콘서트 및 MD 중심 성장이 외형 견인",BUY,95000,75100,"유진투자증권
이현지"
2025-07-14,"카카오 A035720 -가능성에 베팅
2Q25 Preview: 영업이익 1,306 억원으로 컨센서스 부합 전망
열린 미래",매수,78000,56900,"SK증권
남효지"
2025-07-14,"HK이노엔 A195940 -2Q25 Preview: 하반기부터 다시 달린다
2Q25 매출액 2,599억원(+18.5% YoY, +5.1% QoQ), 영업이익 205억원(-15.7% YoY, -19.1% QoQ; OPM 7.9%)으로 추정
케이캡과 수액제 등 ETC 매출 성장에도 불구하고 음료 리콜 영향으로 시장 기대치 하회할 전망",BUY,63000,44000,"다올투자증권
이지수"
2025-07-14,"넷마블 A251270 -이제 적자 넷마블은 잊어줘
2Q25E Preview: 영업이익 886억으로 컨센서스 상회 전망
IP 활용도 레벨업",매수,79000,61200,"SK증권
남효지"
2025-07-14,"현대위아 A011210 -2Q25 Review: 확실한 촉매제의 부재
2Q25 Preview 및 투자의견 점검: 자동차 본업 재평가 지연
적정주가는 기존 50,000원에서 53,000원으로 상향하나, 투자의견은 HOLD로 전환.",HOLD,53000,51000,"다올투자증권
유지웅"
2025-07-14,"에스엠 A041510 -탄탄한 IP 라인업과 레버리지 효과 극대화
2Q25Pre: 음반과 MD를 통한 실적 성장 속 디어유 연결 편입
탄탄한 성장/저연차 IP 라인업 누적 효과와 IP 레버리지 효과 극대화",BUY,170000,130700,"DS투자증권
장지혜"
2025-07-14,"코스맥스 A192820 -2Q25 Preview: Sun 성장 기대
2Q25E 매출액 6,496억원(+17.8%, 이하 yoy), 영업이익 635억원(+35.9%), OPM 9.8% 전망
국내(간접수출포함) 인디 브랜드 및 선제품 성수기 맞이로 실적 호조 예상, 특히 유럽향 매출 잘 나오는 브랜드의 수주 양호",BUY,330000,243000,"유진투자증권
이해니"
2025-07-14,"JYP Ent. A035900 -This Is For Fans
2Q25Pre: 스트레이키즈 중심 음반, 공연, MD 전반 성장
활발한 메가 IP 활동 속 밸류체인 내재화를 통한 IP 레버리지 확대",BUY,90000,75100,"DS투자증권
장지혜"
2025-07-14,"네오위즈 A095660 -잘 팔린 DLC, 역주행 브더2
2분기 매출액 1,042억원(20%yoy), 영업이익 170억원(+260%yoy)으로 컨센서스(73억원) 크게 상회할 전망
PC/콘솔 매출(500억원)은 ＇P의거짓＇ DLC가 예상보다 빠른 6/7에 출시되면서 2분기 반영된 판매량 추정치가 늘어남.",BUY,30000,24650,"유진투자증권
정의훈"
2025-07-14,"와이지엔터테인먼트 A122870 -블랙핑크와 함께 JUMP
2Q25Pre: 공연과 MD 중심 실적 성장과 수익성 개선
블랙핑크와 함께 JUMP",BUY,100000,84900,"DS투자증권
장지혜"
2025-07-14,"CJ ENM A035760 -제자리를 찾아가는 과정
2Q25 Preview: 시장 컨센서스 하회 전망
2025년 연결 영업이익 1,379억원(+32.0% YoY) 전망",BUY,90000,68700,"메리츠증권
정지수"
2025-07-14,"하이브 A352820 -탄탄한 IP 라인업으로 K-pop 성장 주도
2Q25Pre: 공연, MD 중심 매출 성장에도 비용 부담으로 기대치 하회
탄탄한 국내/해외, 메가/성장/저연차 IP라인업으로 K-pop 성장 주도",BUY,330000,268000,"DS투자증권
장지혜"
2025-07-14,"한국항공우주 A047810 -공장이 바쁘게 가동될 26년. 내년 해외 수출 본격화 기대
2Q25 Pre: 시장예상치 부합 전망
공장이 바쁘게 가동 될 26년. KF-21 중동, 동남아시아 수출 기회 증대",BUY,115000,90400,"교보증권
안유동"
2025-07-14,"LIG넥스원 A079550 -장기적으로 보면 언제나 매수 적기인 주식
2Q25 Pre: 시장 예상치 큰 폭 상회 전망
잔고 내 비중은 60% 이상",BUY,640000,631000,"교보증권
안유동"
2025-07-14,"롯데웰푸드 A280360 -알려진 부진, 연말을 보자
2Q25 매출액 1.1조원(+9%qoq, +2%yoy), 영업이익 407억원(+148%qoq, -36%yoy)으로 낮아진 영업이익 컨센서스를 하회하는 실적 전망
해외의 경우, 카자흐스탄은 CIS지역 내 러시아산 재고 소진 후 3분기부터 루블화/텡게화 환율 안정화 효과가 나타날 전망",BUY,136000,120700,"유진투자증권
김진우"
2025-07-14,"현대로템 A064350 -기대보다 적을 수 있는 26년 폴란드향 인도. 이는 조삼모사일 뿐
2Q25 Pre: 시장예상치 상회 전망
투자포인트: 27년 이후 Full Capa 전망, 폴란드 잔여물량과 중동 교체수요",BUY,290000,194300,"교보증권
안유동"
2025-07-14,"한화생명 A088350 -제도 동향은 긍정적이나 보다 확실한 개선 필요
목표주가 3,900원으로 상향, 투자의견 중립 하향
K-ICS 부담 완화 예상하나 여전히 높은 주주환원 측면의 불확실성",중립,3900,3850,"SK증권
설용진"
2025-07-14,"한화에어로스페이스 A012450 -주가 안전핀 제거 완료. 공격준비파괴사격 실시
2Q25 Pre: 시장예상치 부합 전망
투자포인트: 중동교체 수요, 탄, MLRS",BUY,1100000,896000,"교보증권
안유동"
2025-07-14,"스튜디오드래곤 A253450 -단기 실적 부진에도 하반기 기대감 유효
2Q25 Preview: 시장 컨센서스 하회 전망
2025년 연결 영업이익 334억원(-8.3% YoY) 전망",BUY,63000,47950,"메리츠증권
정지수"
2025-07-14,"대한항공 A003490 -훌륭한 개별 실적, 자회사 실적 악화가 아쉽다
자회사 실적 악화는 아쉽지만, 중장기 성장 동력 확보 진행 중
2분기(개별 기준): 여객 운임 선방, 영업비용은 부담",BUY,33000,25950,"NH투자증권
정연승"
2025-07-14,"유니드 A014830 -중국 염소 가격 부진과 환율이 아쉬운 2분기
2Q25 영업이익 353억원(QoQ +23%) 전망
3Q25 영업이익 372억원(QoQ +5%) 예상",매수,120000,84800,"신영증권
신홍주"
2025-07-14,"SK가스 A018670 -발전 사업으로 실적 레벨 업
연료 선택권과 파생상품 활용해 LPG 사업 안착
LPG-LNG 복합 발전소 본격 가동, 새로운 성장 동력",BUY,380000,279000,"DS투자증권
안주원"
2025-07-14,"대한항공 A003490 -2분기도 나혼자 소프트랜딩일 듯
견조한 프리미엄 여객수요로 지켜낸 국제여객 yield
3분기에도 유연한 노선운영이 가능한 유일 항공사",매수,31000,25950,"신영증권
엄경아"
2025-07-14,"한화솔루션 A009830 -TPO 실적이 관건
2Q25 Preview: 매출액 3.6조원(+35.8% YoY)과 영업이익 1,455억원(흑전) 추정
우여곡절 끝에 최종 통과된 IRA 수정안, TPO 세제혜택 유지",BUY,47000,35300,"DS투자증권
안주원"
2025-07-14,"신한지주 A055550 -더욱 적극적인 주주환원 기대
투자의견 매수 유지, 목표주가 97,000원으로 상향
더욱 강한 주주환원 가능",매수,97000,68900,"미래에셋증권
정태준"
2025-07-14,"씨에스윈드 A112610 -예견된 2분기 실적 감소, 3분기를 기다리며
2Q25 Preview: 매출액과 영업이익 각각 YoY -26%, -62% 전망
하반기 국내, 유럽, 미국 등에서의 수주 대기 중",BUY,56000,46900,"DS투자증권
안주원"
2025-07-14,"HS효성첨단소재 A298050 -성수기 효과는 하반기로 이연
2Q25 영업이익 588억원(QoQ +20%) 전망
3Q25 영업이익 602억원(QoQ +3%) 예상",매수,260000,202000,"신영증권
신홍주"
2025-07-14,"효성티앤씨 A298020 -다운사이클을 활용해 MS 확대 중
2Q25 영업이익 814억원(QoQ +5%) 전망
3Q25 영업이익 953억원(QoQ +17%) 추정",매수,310000,254500,"신영증권
신홍주"
2025-07-14,"SK오션플랜트 A100090 -해상풍력 수주 사이클 시작
2Q25 Preview: 특이사항 없는 실적
국내와 대만에서 해상풍력 수주 확보",BUY,25000,19300,"DS투자증권
안주원"
2025-07-14,"롯데케미칼 A011170 -관세, 전쟁, 정기보수로 힘들었던 2분기
2Q25 영업이익 -2,210억원 전망
3Q25 영업이익 -490억원으로 적자 폭 축소 예상",매수,96000,66000,"신영증권
신홍주"
2025-07-14,"하나금융지주 A086790 -자본비율 안정으로 환원 가속 기대
기대 이상의 주주환원 예상
2분기 지배주주순이익은 컨센서스에 부합하는 1조 794억원을 예상",매수,133000,91500,"미래에셋증권
정태준"
2025-07-14,"HD현대에너지솔루션 A322000 -기대되는 2분기 실적
2Q25 Preview: 매출액 1,235억원과 영업이익 63억원 전망
2025년 매출액과 영업이익 각각 YoY +17%, +509% 성장",BUY,53000,45400,"DS투자증권
안주원"
2025-07-14,"대명에너지 A389260 -2분기도 견조한 실적 예상
2Q25 Preview: 매출액 187억원과 영업이익 38억원 전망
2025년 매출액과 영업이익 각각 YoY +89%, +144% 성장",BUY,32000,25550,"DS투자증권
안주원"
2025-07-14,"금호석유화학 A011780 -하반기부터 시작될 합성고무 구조적 증익
2Q25 영업이익 729억원(QoQ -40%) 전망
3Q25 영업이익 1,289억원(QoQ +77%)으로 큰 폭 개선 전망",매수,170000,126300,"신영증권
신홍주"
2025-07-14,"KB금융 A105560 -P/B 1배 도달을 위한 마지막 단계
투자의견 매수 유지, 목표주가 167,000원으로 상향
주주환원율의 상단이 없다는 것을 증명할 차례",매수,167000,113400,"미래에셋증권
정태준"
2025-07-14,"GS글로벌 A001250 -국내 해상풍력 추가 수주를 기다리며
2Q25 Preview: 매출액 1.0조원(+4.6% YoY)과 영업이익 172억원(-19.1% YoY) 추정
GS엔텍 통한 성장 기대, 국내 유일 모노파일 타입 하부구조물 공급 이력 확보",BUY,3700,2755,"DS투자증권
안주원"
2025-07-14,"LG화학 A051910 -양극재 수익성 부진
2Q25 영업이익 4,888억원(QoQ +20%) 전망
3Q25 영업이익 4,332억원(QoQ -11%) 예상",매수,320000,272500,"신영증권
신홍주"
2025-07-14,"S-Oil A010950 -Oil-단기 유가 보다 중요한 건 정제마진
2Q25 영업이익 -2,774억원으로 컨센 대폭 하회 전망
3Q25 영업이익 1,813억원으로 흑자전환 예상",매수,83000,61900,"신영증권
신홍주"
2025-07-14,"SK이노베이션 A096770 -배터리와 정유의 엇박자
2Q25 영업이익 -4,206억원으로 컨센 대폭 하회 전망
3Q25 영업이익 2,958억원으로 전분기 대비 개선 예상",매수,130000,113500,"신영증권
신홍주"
2025-07-14,"유니셈 A036200 -분위기 반전을 기대해도 좋습니다
평택 P4·청주 M15X 투자 재개 → 칠러, 스크러버 선행 수요 회복
10세대 V-NAND → 극저온 칠러 수요 증가의 기폭제",,,6950,"한국IR협의회(리서치센터)
이새롬"
2025-07-14,"한국콜마 A161890 -다가온 성수기
2Q 선케어 성수기 및 미국 법인 흑자 기조 유지되며 이익 개선세 지속
하반기 미국 2공장 본격 가동되며 실적 모멘텀으로 기대",BUY,130000,98300,"대신증권
정한솔"
2025-07-14,"대우건설 A047040 -무난한 여름맞이
2Q25 Preview: 주택은 일회성 요인 제거, 플랜트는 해외 수주 일부 검증
순조로운 플랜트, 남은 것은 건축/주택부문의 개선 요인 확인",BUY,4800,4015,"상상인증권
김진범"
2025-07-14,"HDC현대산업개발 A294870 -상황은 바뀌어도 방향성은 유지 가능
2Q25 Preview: 수원 IPC, 본격적 실적 반영은 하반기로 이연
시선을 더 멀리, 확대/상승 국면 지속 가능",BUY,33000,23500,"상상인증권
김진범"
2025-07-14,"넥스틴 A348210 -2Q25 Preview: 신규장비 본격 인식 시작
신규장비 납품으로 실적 반등 성공
실적 안정성을 위한 포트폴리오 다변화 지속",,,47950,"한국투자증권
조수헌"
2025-07-14,"한화엔진 A082740 -2Q25 Preview: 수량 효과 발현, 분기 출하량 최대치
영업이익은 컨센서스를 8% 상회할 것, 엔진 출하량 증가 효과
선박엔진 ASP 상승세 장기간 지속될 것",매수,34000,27000,"한국투자증권
강경태"
2025-07-14,"시노펙스 A025320 -혈액투석 등 신규 사업 진출 활발
영업실적은 조정 중, 지금은 신규사업 투자 단계
자동차용 FPCB, 하반기 필드 테스트를 거쳐 2026년 출시 목표",Not Rated,,7140,"상상인증권
하태기"
2025-07-14,"현대백화점 A069960 -무난한 2Q25 예상
2Q25E 매출액 yoy+7.6%, 영업이익 yoy+77.3% 전망
투자의견 BUY 유지, 목표주가 9만원→10만원 상향",BUY,100000,79700,"상상인증권
김혜미"
2025-07-14,"엔씨소프트 A036570 -2Q25 Preview: 이번에는 믿어주자
크게 의미 없는 2분기 실적
5종의 신작 성과가 핵심 투자포인트",매수,280000,209500,"한국투자증권
정호윤"
2025-07-14,"LG유플러스 A032640 -실적이 쑥쑥, 신용도 쑥쑥
2Q25 매출 3.8조원(+9% yoy), OP 2.9천억원(+15% yoy) 전망
유무선 안정적인 성장, 마케팅비 및 CAPEX/감가비 부담 완화로 이익 개선",BUY,17000,14990,"대신증권
김회재"
2025-07-14,"세아제강 A306200 -단기적으로는 쉬어가는 분위기
2Q25 내수 및 수출 강관 수익성 모두 악화 예상
3분기는 판매 감소와 수출 스프레드 축소 우려",BUY,260000,153700,"하나증권
박성봉"
2025-07-14,"SK네트웍스 A001740 -일시적 비용 감소에 의한 증익
목표주가 7,000원, 투자의견 매수 유지
2Q25 영업이익 381억원(YoY +31.0%) 컨센서스 상회 전망",BUY,7000,4800,"하나증권
유재선"
2025-07-14,"KCC A002380 -상법 개정과 PBR 1배 이상을 향한 경영진의 의지
상법 개정안 통과에 발 맞춰 제시된 PBR 1배 이상에 대한 의지
자사주 비율 17.24%. 전량 소각 시 BPS 증가율 14%",BUY,440000,379000,"하나증권
윤재성"
2025-07-14,"금호석유화학 A011780 -상법 개정으로 승계는 빨라지고, 주주환원은 늘어날 듯
긍정적 시나리오(1): 자사주 전량 소각 시 BPS 15% 증가
긍정적 시나리오(2): 승계 가속화와 주주환원 확대",BUY,160000,126300,"하나증권
윤재성"
2025-07-14,"에이치브이엠 A295310 -1g의 특수합금이 발사체의 운명을 가른다
진공용해 기반 첨단금속 전문 제조기업
우주항공 산업 성장으로 공급 물량 확대",Not Rated,,32300,"하나증권
한유건"
2025-07-14,"대한항공 A003490 -2Q25 Re: 안정적 실적, 더욱 기대되는 하반기
2분기 별도 영업이익 3,990억원
우호적인 시장환경",BUY,30000,25950,"하나증권
안도현"
2025-07-14,"코스맥스 A192820 -역대 최고 실적 전망
2Q25 Preview: 역대 최고 실적 전망
국내 +25%, 중국 +4%, 미국 -17%, 동남아 +31%",BUY,300000,243000,"하나증권
박은정"
2025-07-14,"한국콜마 A161890 -분기 최고 실적 전망
2Q25 Preview: 분기 최고 실적 전망
국내 +14%, 미국 +70%, 중국 -5%",BUY,130000,98300,"하나증권
박은정"
2025-07-14,"코스메카코리아 A241710 -분기 최대 실적 전망
2Q25 Preview: 분기 최대 실적 전망
한국 flat%, 미국 +10%, 중국 -25%",BUY,78000,67700,"하나증권
박은정"
2025-07-14,"펌텍코리아 A251970 -역대 최대 실적 예상
2Q25 Preview: 역대 최대 실적 예상
펌프사업부 +27%, 튜브사업부 +4%",Not Rated,,60700,"하나증권
박은정"
2025-07-14,"DB손해보험 A005830 -2Q25 Preview: 재평가 시점
순이익 4,478억원으로 낮아진 컨센서스 대체로 부합
신계약 CSM의 안정적 성장이 특징적",매수,165000,137700,"한국투자증권
홍예란"
2025-07-14,"현대차 A005380 -아메리칸 나이트메어 그리고 인디안 드림
2Q25 Preview: 금융 부문으로 자동차 부문 충격 완화
현대차 인도법인(HMIL): YTD 주가수익률 +17%",OUTPERFORM,230000,210500,"키움증권
신윤철"
2025-07-14,"BNK금융지주 A138930 -실적 정상화와 주주환원 강화 기대
1 분기 부진에서 벗어날 전망
주주환원율 상승 전망",BUY,18500,15650,"키움증권
김은갑"
2025-07-14,"롯데관광개발 A032350 -브랜드 파워가 이끌 실적 성장
2Q25 프리뷰: 매출액 +31.9% yoy, 영업이익 +375.2% yoy
브랜드 파워가 이끌 실적 개선세",BUY,23000,17670,"유안타증권
이환욱"
2025-07-14,"이마트 A139480 -이제부터는 실적이 따라붙을 것
하반기에는 외형 성장도 기대
2Q25 Preview: 본업 체질 개선 효과로 호실적 지속",매수,120000,95400,"신한투자증권
조상훈"
2025-07-14,"효성티앤씨 A298020 -불황에도 강한데 다가올 호황에는?
화학 업종 내 Top Pick
2Q25 Preview: 예상보다 더딘 업황 회복으로 컨센서스 하회 예상",매수,400000,254500,"신한투자증권
이진명"
2025-07-14,"대한항공 A003490 -2Q25 Review: 유류비 감소로 비용 증가분 상쇄
2Q25 별도 매출액 3조 9,859억원, 영업이익 3,990억원
하반기 긍정적인 항공여객, 불확실성이 예상되는 항공화물",BUY,31000,25950,"유안타증권
최지운"
2025-07-14,"에스티팜 A237690 -탄탄한 펀더멘털 증명할 2Q25 실적
올리고핵산 의약품의 영역 확장
펀더멘털 개선으로 주가도 턴어라운드 기대",,,93900,"아이브이리서치
리서치센터"
2025-07-14,"현대글로비스 A086280 -사상최대 분기 실적 전망
2025년 2분기 컨센서스를 상회하는 사상최대 분기실적 시현할 전망
PCTC 비계열 물량 증가로 외형 및 수익성 개선 지속",BUY,170000,142600,"대신증권
양지환"
2025-07-14,"대한항공 A003490 -중장기적 관점에서 대응
2025년 2분기 실적은 당사 및 시장 기대치를 소폭 상회
펀더멘털 요인 다소 불안정한 상황이나, 유가, 환율 등 변수는 호전",BUY,28000,25950,"대신증권
양지환"
2025-07-14,"SK케미칼 A285130 -일회성 제외하면 무난한 실적
2Q25 Preview: 일회성 반영 vs M/S 확대
3Q25 Green Chemical 이익 회복",BUY,88000,73100,"키움증권
김도현"
2025-07-14,"엘앤에프 A066970 -News 코멘트: SK온과 북미 ESS용 LFP 양극재 공급을 위한 업무협약(MOU) 체결
NCMA90·95/NCM523 중심에서 LFP 까지 케미스트리 저변 확대
최악을 지나, 하반기 점진적 실적 회복 구간 진입 기대",,,62200,"키움증권
권준수"
2025-07-14,"시프트업 A462870 -Peer 대비 매력 상승, Buy 상향
실적은 당사 추정에 부합
팔 사람은 다 판 주가. Peer valuation 고려하면 상승여력 확보",BUY,59000,44550,"메리츠증권
이효진"
2025-07-14,"유니드 A014830 -경쟁 플랜트 대비 고위 가동 지속 전망
올해 2분기 영업이익, 시장 기대치 대비 소폭 하락 전망
올해 연간 영업이익, 전년 대비 25.5% 증가 예상",매수,120000,84800,"IBK투자증권
이동욱"
2025-07-14,"애니플러스 A310200 -연회 시간이다
현 시대 최고 인기작, 귀멸의 칼날 극장판 ＇무한성편＇ 흥행 기대
여전히 매력적인 Valuation. 기업 가치 재평가 지속 전망",Not Rated,,5650,"NH투자증권
심의섭"
2025-07-14,"리노공업 A058470 -더 비싸집니다
ASP 확대 속 마진 추가 확대
On-device AI 수혜",BUY,65000,50000,"삼성증권
문준호"
2025-07-14,"KT A030200 -브레이크 없는 실적
2Q25 Preview: 일회성 이익을 제거해도 우수한 실적
2025년 연결 영업이익 2조 5,302억원(+212.5% YoY) 전망",BUY,65500,57200,"메리츠증권
정지수"
2025-07-14,"대한항공 A003490 -2Q25 Review - 우수한 방어력
2Q25 별도 매출액 3조 9,859억원, 영업이익 3,990억원 기록
불확실성에도 유연한 대응 중, 경쟁 우위에 따른 여객 운임 협상력 기대",BUY,31000,25950,"상상인증권
이서연"
2025-07-14,"롯데케미칼 A011170 -회복 시기 지연
2분기 실적: 영업적자 2,122억 원으로 컨센서스 하회 전망
하반기 회복 기대되나, 업황 불확실성 여전",BUY,84000,66000,"한화투자증권
이용욱"
2025-07-14,"HD현대마린엔진 A071970 -내년부터 제대로 달린다
2Q25 Preview: 시장예상치 부합하는 실적 기록 예상
엔진과 부품 모두 내년부터 본격적인 질적 성장 전망",매수,57000,50600,"SK증권
한승한"
2025-07-14,"효성티앤씨 A298020 -신규 특수가스 개발 확대 중
올해 2분기 영업이익, 시장 기대치 소폭 하회 전망
올해까지 Capex가 증가하나",매수,330000,254500,"IBK투자증권
이동욱"
2025-07-14,"S-Oil A010950 -Oil-정제마진 반등으로 하반기 회복 기대
2분기 실적: 영업적자 2,230억 원으로 컨센서스 하회 전망
3분기 회복 구간 진입",BUY,79000,61900,"한화투자증권
이용욱"
2025-07-14,"CJ대한통운 A000120 -앞으로 다가올 것에 주목하기
2Q25E 매출액 3조 1,497억원, 영업이익 1,081억원, 컨센서스 하회 전망
택배 물동량 턴어라운드는 이미 진행 중, 자사주 활용 방안도 관건",BUY,122000,92300,"상상인증권
이서연"
2025-07-14,"SK텔레콤 A017670 -USIM 해킹 사태의 여파
2Q25 Preview: USIM 교체비용 반영으로 시장 기대치 하회 전망
2025년 연결 영업이익 1조 2,070억원(-33.8% YoY) 전망",BUY,67500,56000,"메리츠증권
정지수"
2025-07-14,"넥센타이어 A002350 -[2Q25 Preview] 북미 매출 회복 상황에서 관세 부담 가시화
매출액 8,149억원(+6.7% 이하 YoY), 영업이익 408억원(-35.1%) 전망
북미 공급 차질 해소 상황에서 미국 관세 부담이 증가",BUY,8900,6230,"한화투자증권
김성래"
2025-07-14,"LG유플러스 A032640 -견고한 실적 속 주주환원 확대 기대
2Q25 Preview: 시장 컨센서스 소폭 상회 전망
2025년 연결 영업이익 9,855억원(+14.2% YoY) 전망",HOLD,13000,14990,"메리츠증권
정지수"
2025-07-14,"기업은행 A024110 -고배당주로서의 매력 강화 전망
목표주가 24,500원으로 상향
주주의 배당 세제 혜택 가능성 높음",BUY,24500,20500,"NH투자증권
정준섭"
2025-07-14,"현대로템 A064350 -폴란드 2차 계약, 여기서 끝이 아니다
2Q25 Preview: 영업이익 시장 기대치 부합 추정
드디어 현실화된 폴란드 2차 계약",BUY,240000,194300,"한화투자증권
배성조"
2025-07-14,"뉴파워프라즈마 A144960 -플라즈마, UTG, 방산 등 실적의 날개를 달다
반도체 및 디스플레이용 플라즈마 관련 핵심부품 공급 업체로서 도우인시스와 스페이스프로 등의 자회사를 보유하고 있음
미중 무역전쟁 반사이익으로 중국향 매출이 증가하면서 실적 개선 가속화",Not Rated,,6200,"iM증권
이상헌"
2025-07-14,"금호타이어 A073240 -[2Q25 Preview] 광주공장 화재와 관세 영향 고려
2Q 매출액 1.2조원(+7.5% 이하 YoY), 영업이익 1,637억원(+8.0%)
광주공장 화재와 미국 관세에 따른 매출 및 이익 감소 영향 고려",BUY,6600,4750,"한화투자증권
김성래"
2025-07-14,"풍산 A103140 -2Q25 Preview: 변수는 별도외에서
2Q25 Preview: 컨센서스에 부합하는 실적 예상
변수는 별도외(풍산FNS)",,,160800,"메리츠증권
장재혁"
2025-07-14,"SNT모티브 A064960 -기관총 중동향 수출 증가로 수익성 개선 가속화
차량부품, 소화기(小火器), 반도체장비 부품 사업 등을 영위
올해 하반기부터 중동지역으로 K15, K16 기관총 수출 지속적으로 증가하면서 수익성 개선 가속화 될 듯",Not Rated,,34650,"iM증권
이상헌"
2025-07-14,"LX인터내셔널 A001120 -배당수익률(6.3%) 및 밸류에이션 매력적
올해 2분기 실적을 저점으로 하반기에는 폐석 처리 비용 선반영 효과로 인하여 점진적으로 실적이 개선될 것으로 예상됨
배당수익률(6.3%) 및 밸류에이션(PER 4.3배) 매력적",BUY,37000,33100,"iM증권
이상헌"
2025-07-14,"파미셀 A005690 -AI 시대의 조연 아닌 주연
독점적 지위 유지 전망
AI 업황 흐름 지속 우상향 예상",Not Rated,,13270,"메리츠증권
양승수"
2025-07-14,"한화솔루션 A009830 -경쟁사 파산으로 주택용 에너지 M/S 확대 전망
올해 2분기 영업이익, 최근 높아진 시장 기대치 상회 전망
중국 정부, 태양광 산업의 과당 경쟁 억제 중",매수,44000,35300,"IBK투자증권
이동욱"
2025-07-14,"대한항공 A003490 -2Q25 review- 비수기를 감안하면 양호한 실적
비수기를 감안하면 양호한 실적
목표주가 3만원과 BUY 투자의견을 유지",BUY,30000,25950,"삼성증권
김영호"
2025-07-14,"LS A006260 -상법개정으로 지배구조 개선되면서 동사 수혜
이사의 주주 충실의무 도입⇒할인율 축소로 인한 밸류에이션 리레이팅으로 동사와 같은 지주회사 가장 큰 수혜
감사위원회위원 선임?해임 시 최대주주 및 특수관계인 의결권 3%로 제한 ⇒ 보다 더 독립적인 감사기구 역할로 동사 지배구조 개선효과 클 듯",BUY,220000,183200,"iM증권
이상헌"
2025-07-14,"ISC A095340 -더 쓰일 겁니다
AI가 견인할 고성장
러버 소켓 채택 증가 기대감:",BUY,78000,61500,"삼성증권
문준호"
2025-07-14,"LS ELECTRIC A010120 -주가의 속도조절이 필요한 시기
환율하락 및 관세 영향 등으로 올해 2분기 영업이익 컨센서스 다소 하회할 듯
올해 영업이익 증가폭이 15.9% 수준으로 전망됨에 따라 밸류에이션 리레이팅 속도가 둔화 될 것으로 예상됨",BUY,310000,286500,"iM증권
이상헌"
2025-07-14,"HD현대마린솔루션 A443060 -길게 보면 더 아름답다
2Q25 Preview: 컨센서스 하회하는 실적 예상
핵심사업 부문의 성장은 지속될 수밖에 없다",매수,230000,178000,"SK증권
한승한"
2025-07-14,"비에이치아이 A083650 -상반기 수주, 연간 목표의 81% 달성 전망
2분기 영업이익, 시장 기대치 부합 전망
하반기 실적 성장도 문제없어",매수,43000,37600,"IBK투자증권
김태현"
2025-07-14,"DB하이텍 A000990 -일회성 Pull-In이 아닌 중장기적 수혜 전망
2Q25 Preview
일회성 Pull-In이 아닌 미중 갈등 심화 속 중장기적 수혜 전망",BUY,64000,47300,"LS증권
차용호"
2025-07-14,"LG유플러스 A032640 -2Q25 Preview: 근거있는 밸류에이션 회복
영업이익 컨센서스 소폭 상회 전망
본업인 무선에서 두드러진 약진",매수,18000,14990,"한국투자증권
김정찬"
2025-07-14,"한화에어로스페이스 A012450 -2Q25 Preview, 현지거점 통한 장기 성장동력 확보
2Q25 컨센서스 대비 매출 상회, 영업이익 부합 전망
단기 실적 호조, 현지거점 확보 따른 장기성장 동력 확보",BUY,1100000,896000,"LS증권
최정환"
2025-07-14,"대한항공 A003490 -압도적 차이
영업이익은 전분기대비 14% 증가하며 시장 컨센서스를 4% 상회
대한항공의 파트너인 델타항공은 좋아지는데 경쟁사인 국적 LCC가 위기인 상황",매수,30000,25950,"한국투자증권
최고운"
2025-07-14,"HD현대마린솔루션 A443060 -2Q25 Preview: 변함없는 성장의 물줄기
영업이익은 컨센서스에 부합할 것, 이익 기여 없는 벙커링 매출 조정
엔진 AM 서비스 선박 증가분과 계절성 고려해 분기 매출액 조정",매수,250000,178000,"한국투자증권
강경태"
2025-07-15,"한화생명 A088350 -2Q25 Preview: 기회를 엿볼 때
순이익 1,310억원으로 컨센서스 32% 하회
실적보다는 환경 변화에 민감하게 반응하는 주가",중립,,3850,"한국투자증권
홍예란"
2025-07-15,"한국콜마 A161890 -높은 기저에도 안정적인 성장세 지속
2Q25E 매출액 yoy+11.8%, 영업이익 yoy+10.0% 전망
투자의견 BUY 유지, 목표주가 10만원 → 13만원 상향",BUY,130000,98300,"상상인증권
김혜미"
2025-07-15,"삼성화재 A000810 -비교적 양호한 실적 시현 예상
보험사 실적에서 상대적으로 양호한 수준 예상
신계약 마진율이 어느 정도 회복되었는지가 중요",BUY,620000,466500,"DB증권
이병건"
2025-07-15,"두산테스나 A131970 -2Q25 Preview: 실적 저점 통과 시그널
영업이익은 컨센서스를 하회할 것
제품 믹스에 따른 수익성 개선 전망",,,28800,"한국투자증권
조수헌"
2025-07-15,"DB손해보험 A005830 -손익 부진은 일반보험 대형사고 영향
일반보험 관련 대형사고의 영향으로 손익 전년보다 악화
배당성향 상향 가능",BUY,179000,137700,"DB증권
이병건"
2025-07-15,"한국항공우주 A047810 -2Q25 Preview: 성장통이 곧 끝난다
영업이익 컨센서스 부합
구조적 성장기 진입",매수,97000,90400,"한국투자증권
장남현"
2025-07-15,"솔루엠 A248070 -ESL 개선 vs. TV향 부진
2분기 실적 컨센서스 하회 전망, 3in1 보드 실적 부진+ESL 비용 부담 지속
2025년 영업이익 +10% YoY 추정, 연초 기대치엔 못미치겠으나 ESL 실적 지속 성장과 GDK화장품 실적 반영 긍정적",BUY,23000,16600,"KB증권
이창민"
2025-07-15,"디오 A039840 -빅배스 이후 중국 시장에서의 가파른 성장 확인
기업개요: 치과용 임플란트 제조 전문기업
투자포인트 1) 신정부 임플란트 정책 변화에 따른 수혜 예상 2) 2024년 대규모 빅배스 이후 중국에서의 성장을 기반으로 역대 최대 매출액 경신 전망 3) 2026년 중국 2차 VBP는 분명한 기회요인",Not Rated,,19090,"KB증권
한제윤"
2025-07-15,"두산에너빌리티 A034020 -필수가 된 원전, 조만간 가시화 기대
주기기 제작부터 시공까지 참여할 체코원전
웨스팅하우스: 2026년부터 수주 시작 전망",BUY,89000,64800,"KB증권
정혜정"
2025-07-15,"삼양식품 A003230 -Keep Going, 진짜는 3Q부터
2Q25 Preview: 일회성 비용 증가에도 수출 호조로 이상 無
기다리던 밀양 2공장 증설 효과",BUY,1780000,1402000,"유안타증권
손현정"
2025-07-15,"현대건설 A000720 -LNG EPC 카르텔을 넘어서는 원전 EPC 클럽의 리더
업종 최선호주, 원전 최선호주
중동 플랜트 사이클을 넘어섰던 LNG EPC 카르텔",BUY,110000,70900,"KB증권
장문준"
2025-07-15,"삼성물산 A028260 -가장 유연한 SMR EPC가 되기 위한 광폭 행보
투자의견 Buy, 목표주가 220,000원 (↑)
다양한 선도 SMR 개발사와 사업 추진 중",BUY,220000,174400,"KB증권
장문준"
2025-07-15,"KT&G A033780 -늘어나는 성장 포인트
2Q25 Preview: 컨센서스 부합 전망
해외 궐련 + 국내 소비 + 주주환원 + 담뱃세 인상 기대",BUY,170000,139500,"유안타증권
손현정"
2025-07-15,"대우건설 A047040 -회복 방향성은 유효
2Q25 영업이익, 컨센서스(993억원) +9% 상회 전망
연간 수주 목표 가시권 진입",BUY,5300,4015,"유안타증권
장윤석"
2025-07-15,"GS건설 A006360 -오르지 못할 이유가 없다
2Q25 영업이익, 컨센서스(1,078억원) 부합 전망
센티먼트와 선행지표의 온도차",BUY,30000,20600,"유안타증권
장윤석"
2025-07-15,"삼성E&A A028050 -예견된 상반기, 기대되는 하반기
2Q25 영업이익, 컨센서스(1,622억원) 부합 전망
하반기 주가 트리거에 주목",BUY,34500,25600,"유안타증권
장윤석"
2025-07-15,"리노공업 A058470 -경쟁력을 증명한 실적
2Q25E Preview: 컨센서스 상회 전망
모바일 + 데이터센터 동반 수혜 가능성 입증",BUY,61000,50000,"메리츠증권
김동관"
2025-07-15,"HDC현대산업개발 A294870 -자체사업의 힘
2Q25 영업이익, 컨센서스(735억원) 부합 전망
시점의 차이일 뿐 변하지 않은 방향성",BUY,29500,23500,"유안타증권
장윤석"
2025-07-15,"대한항공 A003490 -이익역량 재증명
2Q25 Review: 이익역량 재증명",BUY,37000,25950,"LS증권
이재혁"
2025-07-15,"신세계인터내셔날 A031430 -어뮤즈를 품고 레벨업
어뮤즈 인수를 통한 제조 코스메틱 사업부문 신성장 기대
내수 부양책에 따른 소비 경기 회복세",,,12610,"한국IR협의회(리서치센터)
박선영"
2025-07-15,"현대건설 A000720 -원전을 통한 해외 수주 증가와 밸류에이션 확장
현대건설 밸류에이션 상승 사례 분석
현대건설 원전 시장 확대에 대한 수혜 전망",BUY,102000,70900,"키움증권
신대현"
2025-07-15,"SOOP A067160 -나 혼자만 광고 호황
실적 시즌에 가장 큰 주목 받을 것
2Q25 Preview: 올해 실적은 광고가 견인 전망",매수,170000,92400,"신한투자증권
강석오"
2025-07-15,"한전기술 A052690 -한국형 원전을 중심으로 한 확장 지속
2Q25 영업이익 50억원 (-60.1% YoY): 주요 원전 프로젝트 마무리의 영향
체코 원전 이후의 한국형 원전 추가 수출을 기다리며",BUY,104000,88600,"KB증권
정혜정"
2025-07-15,"LG화학 A051910 -2025년 하반기, 저PBR 해소 흐름 이어진다!
2025년 실적 회복 진행 중
배터리, 화학/생명과학 순서로 회복 지속",BUY,500000,272500,"유안타증권
황규원"
2025-07-15,"한국항공우주 A047810 -조금만 기다려줄래. 차세대 선호주
2Q25 프리뷰. 4Q에 기대 종목인 이유 예고. 적정주가 상향
2Q25 영업이익은 QoQ 개선되지만 피어그룹 대비 완만함이 계속됨. 그러나 FA-50PL의 시험평가를 본격화하는 4Q25부터 가파른 실적 턴어라운드가 시작되며, 4Q25부터 UJTS 등 규모 있는 파이프라인 입찰이 시작되기에 쌀쌀해질 때 방산 업종 최선호주로 예고",BUY,115000,90400,"다올투자증권
최광식"
2025-07-15,"원텍 A336570 -요즘 대세 올리지오!
광고 모델을 통해 보는 트렌드 변화
국내 시술 시장 호황과 해외 매출 확대에 더해지는 마케팅 효과",Not Rated,,12430,"NH투자증권
심의섭"
2025-07-15,"유한양행 A000100 -글로벌에서 커지는 존재감: 처방 증가와 수주 확대
2Q25 Preview: 일본 출시 마일스톤 수령으로 영업이익 컨센서스 부합 전망
두가지 성장 동력: 라즈클루즈 로열티와 유한화학 API 공급 증가",BUY,180000,132000,"대신증권
이희영"
2025-07-15,"SK바이오팜 A326030 -2Q25 Preview: 관세 불확실성 완화 기대
2분기 엑스코프리의 견조한 성장
연내 전신발작 3상 결과 및 후속 제품 도입 가시화",매수,140000,103000,"IBK투자증권
정이수"
2025-07-15,"효성티앤씨 A298020 -단기 부진보다 회복에 초점
2Q25 Preview: 관세 불확실성 작용
3Q25 영업이익 877억원 전망",BUY,350000,254500,"키움증권
김도현"
2025-07-15,"LG유플러스 A032640 -다시 영업이익 1조원 레벨로
2025년 영업이익 1.1조원 전망
사상 최대 분기 영업이익 기대",BUY,20000,14990,"NH투자증권
안재민"
2025-07-15,"나이스정보통신 A036800 -TRS 기대치 이상 고성장
TRS 사업 고성장 진행 중
지역화폐 기대감도 있다",BUY,30000,25050,"LS증권
정홍식"
2025-07-15,"삼양식품 A003230 -2Q25 Preview: 분기 실적이 중요한 게 아니다
분기 실적 흐름을 확인하며 주가가 반응하는 국면은 이미 지났다고 판단
26년 실적 가시성에 더 주목할 필요",BUY,1800000,1402000,"다올투자증권
이다연"
2025-07-15,"POSCO홀딩스 A005490 -실적 관건: 이차전지 적자 폭
2Q25 Preview: 연결 매출액 17조 6,241억원, 영업이익 6,596억원 전망(OPM 3.7%)
철강 부문은 펀더멘털 회복 지속, 이차전지 부문의 적자 폭 확대 전망",BUY,407000,311000,"유진투자증권
이유진"
2025-07-15,"청담글로벌 A362320 -K-beauty Tiktok Hunters
？암글로벌 별도 수익성 회복
자회사 실적 개선 시작",Not Rated,,9350,"유진투자증권
이해니"
2025-07-15,"해성디에스 A195870 -회복의 강도와 지속성이 향후 관건
2Q25 Preview: 컨센서스 부합
명과 암 공존",HOLD,27000,26250,"메리츠증권
양승수"
2025-07-15,"시프트업 A462870 -2Q25 Preview: 분기 최대 실적 전망
2Q25E Preview 및 투자포인트 점검
2Q25E 연결 매출액은 945억원(+44.9% YoY, +123.8% QoQ), 영업이익은 673억원(+49.5% YoY, +156.4% QoQ) 예상.",BUY,56000,44550,"다올투자증권
김혜영"
2025-07-15,"KG이니시스 A035600 -스테이블코인 유통/결제 부문 역할 기대
스테이블코인 모멘텀 유효
과거 경험 + 자회사 + 별도…삼박자가 어우러진다면",매수,15500,12050,"신한투자증권
박현우"
2025-07-15,"덕산네오룩스 A213420 -중장기 우상향은 보장된 미래
2Q25 Preview: 조금 아쉬운 실적 예상
하반기 실적 정상화 기대, 중장기 우상향은 보장된 미래(BPDL, 8.6G)",매수,48000,40150,"SK증권
권민규"
2025-07-15,"현대제철 A004020 -알고 보면 무서운 쇠맛
2Q25 Preview: 연결 매출액 5조 7,755억원, 영업이익 705억원 전망(OPM 1.2%)
전기로 감산으로 인한 고정비 상승에도 불구하고!",BUY,54000,34800,"유진투자증권
이유진"
2025-07-15,"클래시스 A214150 -2Q25 Preview: 분기마다 강화되는 성장 모멘텀
영업이익 컨센서스 소폭 하회 전망
유럽 판매 본격화와 신제품 출시로 하반기 성장 가속화 기대",매수,78000,58400,"한국투자증권
강시온"
2025-07-15,"서울보증보험 A031210 -점진적 실적회복 예상
오버행 우려는 기우
점진적 실적회복 전망",Not Rated,,43800,"LS증권
전배승"
2025-07-15,"팬오션 A028670 -2Q25 Preview: LNG선에 주목할 차례
영업이익은 컨센서스에 부합할 전망
LNG선 이익 비중은 올해 26%로 확대될 전망",매수,5200,4210,"한국투자증권
최고운"
2025-07-15,"하이브 A352820 -중장기적 모멘텀 유효
업종 내 최선호주 유지
2Q25 Preview: OP 654억원(+29% YoY)",BUY,370000,268000,"iM증권
황지원"
2025-07-15,"풍산 A103140 -이제 방산 밸류에이션 줘요
2Q25 Preview: 연결 매출액 1조 2,875억원, 영업이익 1,205억원 전망(OPM 9.4%)
폴란드 1차 물량 대부분 끝났는데도 올해 가이던스 이미 55% 달성",BUY,158000,160800,"유진투자증권
이유진"
2025-07-15,"HMM A011200 -차별화된 주가 흐름, 투자의견 Buy로 상향
투자의견 Buy로 상향, 목표주가 31,000원으로 상향
2Q25 영업이익 3,858억원(-40.1% YoY) 예상",BUY,31000,25000,"iM증권
배세호"
2025-07-15,"한화에어로스페이스 A012450 -2Q25 Preview: 본격적인 성장 모멘텀 확보
2Q25 실적은 매출액 6조 7,511억원(+23.1% qoq, +142.3% yoy), 영업이익 7,122억원(+27.0% qoq, +98.5% yoy) 을 기록할 전망
노르웨이는 자국 군비 증강을 목표로 K9 자주포 24문(약 5억 3,400만 달러)을 추가 도입 검토중으로, 지난 7월 10일 언론에 따르면 평가 기준에 모두 만족하여, 빠른 구매 결정이 이루어질 것으로 기대되고 있음",BUY,1000000,896000,"현대차증권
곽민정"
2025-07-15,"수산아이앤티 A050960 -공공 부문향 보안 솔루션 매출액 CAGR +22.8%
기업개요: SSL 복호화 및 웹 보안 솔루션 공공 부문에 공급
실적 동향",Not Rated,,12250,"LS증권
정우성"
2025-07-15,"롯데정밀화학 A004000 -2분기는 정기보수로 실적 약세. 하반기 ECH 턴어라운드 대비
2Q25 실적은 ECH Spread 개선에도 불구하고, 정기보수로 실적 부진할 전망
2Q25 실적은 매출액 4,051억원(-4.0% yoy, -9.1% qoq), 영업이익 78억원(-54.5% yoy, - 58.6% qoq) 기록하여 부진할 전망",BUY,50000,43000,"현대차증권
강동진"
2025-07-15,"엔씨소프트 A036570 -잠잠하다가 4분기부터 신작 러시
2분기 OP 57억원 전망: 3분기까지 100억원 내외 영업이익 불가피
MMORPG: 아이온 2 한국/대만 4분기 출시로 영업이익 수직 상승 확실시",BUY,250000,209500,"현대차증권
김현용"
2025-07-15,"SNT모티브 A064960 -2Q25 Preview: 추가 상승여력 존재
2Q25 Preview 및 투자의견 점검: 실적호조, 잠재 모멘텀 다수 기대
투자의견 BUY를 유지하고, 적정주가는 기존 37,000원에서 45,000원으로 상향.",BUY,45000,34650,"다올투자증권
유지웅"
2025-07-15,"브이엠 A089970 -2Q25 Preview: 좋고, 또 좋다
2Q25 Preview: 체질 개선 구간
2026년 실적 가시화되는 시점에 주목",매수,18000,11130,"신영증권
박상욱"
2025-07-15,"HMM A011200 -자꾸만 커지는 주주환원 기대감
2Q25E 매출액 2조 5,094억원, 영업이익 3,537억원, 컨센서스 부합 전망
투자의견 HOLD 유지, 목표주가 23,000원으로 상향",HOLD,23000,25000,"상상인증권
이서연"
2025-07-15,"금호석유화학 A011780 -2Q25 preview- 매년 7~8%의 주주환원 수익률 기대
2Q25 preview, 예견된 부진
자사주 소각, 2년간 8.8% 주식 수 감소 야기",BUY,160000,126300,"삼성증권
조현렬"
2025-07-15,"넥스틴 A348210 -2Q25 Preview: HBM 장비는 기대 이상
2Q25 Preview: HBM 장비는 기대 이상, 중국향 수주는 기대 이하
HBM 검사장비 매출 본격화되고 있음",매수,72000,47950,"신영증권
박상욱"
2025-07-15,"현대지에프홀딩스 A005440 -지배구조 개선과 주주환원 확대
2Q Preview: OP 861억원(+15.8%, YoY), 양호한 흐름
하반기 소비 환경 개선, 실적 모멘텀 강화될 전망",BUY,13000,9450,"흥국증권
박종렬"
2025-07-15,"KCC A002380 -응용소재기업 전환을 위한 기반 정비
기업가치 제고 계획에서 엿보는 KCC의 미래
2030년까지 예열(재무 건전성 확보, 설비 최적화 등), 이후 응용소재기업으로의 성장 추진",매수,450000,379000,"신영증권
박세라"
2025-07-15,"NH투자증권 A005940 -돋보이는 실적과 주주환원
투자의견 BUY, 목표주가 27,000원 제시
2025년 2분기 실적은 컨센서스 15% 상회할 전망",BUY,27000,21750,"하나증권
고연수"
2025-07-15,"한국금융지주 A071050 -유력한 IMA 1호 사업자
투자의견 BUY, 목표주가 190,000원 제시
2025년 2분기 실적은 컨센서스를 13% 상회할 것으로 전망",BUY,190000,148900,"하나증권
고연수"
2025-07-15,"미래에셋증권 A006800 -큰 그림을 봐야할 때
투자의견 BUY, 목표주가 26,000원 제시
2분기 지배주주순이익은 컨센서스에 부합할 전망",BUY,26000,20700,"하나증권
고연수"
2025-07-15,"삼성증권 A016360 -안정적인 배당주
투자의견 BUY, 목표주가 100,000원 제시
2025년 2분기 실적은 컨센서스 8% 상회할 것으로 전망",BUY,100000,74600,"하나증권
고연수"
2025-07-15,"키움증권 A039490 -브로커리지 최강자
투자의견 BUY, 목표주가 300,000원 제시
2025년 2분기 실적은 컨센서스를 19% 상회할 전망",BUY,300000,230000,"하나증권
고연수"
2025-07-15,"더블유게임즈 A192080 -와우게임즈 인수로 성장과 수익성 모두 확보
2Q25 Preview: 매출 & 영업이익 컨센서스 소폭 하회 예상
투자의견 Buy & 목표주가 70,000원 유지",BUY,70000,57800,"교보증권
김동우"
2025-07-15,"세아베스틸지주 A001430 -눈에 띄는 이유가 있다.
2Q25 Preview: 무난한 개선의 흐름
국내 CASK 시장 개화 전망, 신사업 중심의 구조적 이익 회복에 주목",BUY,42000,33650,"상상인증권
김진범"
2025-07-15,"네오위즈 A095660 -두 개의 서프라이즈
2Q25 Preview: 매출 & 영업이익 컨센서스 상회 예상
투자의견 Buy 유지, 목표주가 35,000원으로 상향. 중소형주 Top Pick.",BUY,35000,24650,"교보증권
김동우"
2025-07-15,"데브시스터즈 A194480 -강력한 IP와 업데이트, UA 마케팅의 조화
2Q25 Preview: 매출 & 영업이익 컨센서스 상회 예상
투자의견 Buy 유지, TP 59,000원으로 상향. 중소형 차선호주 제시.",BUY,59000,43600,"교보증권
김동우"
2025-07-15,"펄어비스 A263750 -드디어 빛을 발할 차례
2Q25 Preview: 매출 & 영업손실 컨센서스 부합 예상
투자의견 Buy 유지, 목표주가 51,000원으로 상향",BUY,51000,39450,"교보증권
김동우"
2025-07-15,"시프트업 A462870 -니케 지표 반등과 Spirit 게임성 공개 필요
2Q25 Preview: 매출 & 영업이익 컨센서스 하회 예상
투자의견 Buy 유지, 목표주가는 64,000원으로 하향",BUY,64000,44550,"교보증권
김동우"
2025-07-15,"엔씨소프트 A036570 -아이온2 FGT 이후 긍정적인 바이럴 형성
2Q25 Preview: 매출 & 영업이익 컨센서스 부합 예상
투자의견 Trading Buy 유지, 목표주가 270,000원으로 상향",TRADING BUY,270000,209500,"교보증권
김동우"
2025-07-15,"넷마블 A251270 -더 기대되는 하반기
2Q25 Preview: 매출 & 영업이익 컨센서스 상회 예상
투자의견 Buy 유지, TP 78,000원으로 상향. 대형주 차선호주로 제시.",BUY,78000,61200,"교보증권
김동우"
2025-07-15,"크래프톤 A259960 -뜯어볼수록 보이는 대체할 수 없는 가치
2Q25 Preview: 매출 & 영업이익 컨센서스 부합 예상
투자의견 Buy, 목표주가 500,000원 유지. 대형주 Top-Pick 유지.",BUY,500000,354000,"교보증권
김동우"
2025-07-15,"헥토파이낸셜 A234340 -세틀 경쟁력 부각될 타이밍
은행망과의 연계, 정산에 특화된 결제사로서 대량으로 이체, 정산 가능한 지급이체망 보유 중
특히 업계에서 유일하게 지준이체 가능한 지급이체 인프라 갖추고 있어 향후 스테이블코인 도입 시 가맹점 정산, 환전 수요 등 대응 가능",Not Rated,,27050,"DB증권
나민욱"
2025-07-15,"카카오페이 A377300 -준비 완료된 플레이어
발행역량과 E-Wallet으로서 유통 병행 가능, 그룹 내 은행, 증권, 보험 등 전통 금융기관과 플랫폼 포트폴리오 보유
계열사의 블록체인 플랫폼 카이아 운영 경험과 CBDC 프로젝트 참여 경험 등 가상자산 발행 역량 보유 중",Not Rated,,58900,"DB증권
나민욱"
2025-07-15,"NAVER A035420 -유리한 위치 선점
국내에도 스테이블코인 시장이 확대된다면 네이버의 수혜가 기대
네이버 기업 가치 산정에 핀테크 사업부 가치는 현재 약 7.8조원으로 반영 중 = 예상 거래액 87조원 x 카카오페이 Revenue TPV 대비 기업 가치 비중의 30% 할인 값 0.13배 적용 x 지분율 69% 반영",BUY,346000,242000,"DB증권
신은정"
2025-07-15,"세코닉스 A053450 -2분기, 1분기 수준
세코닉스의 2025년 2분기 매출액은 1분기 대비 1.8% 증가한 1,211원으로 예상한다
2025년 2분기 영업이익은 1분기 대비 10.8% 감소한 21억원으로 예상한다",매수,8000,6120,"IBK투자증권
김운호"
2025-07-15,"한미약품 A128940 -자회사 실적이 관건
2Q25 Preview: 기대에 못 미침
비만 파이프라인 기대는 지속, 연말 MSD 임상 결과 기대",매수,340000,292500,"신영증권
정유경"
2025-07-15,"아모텍 A052710 -2분기 모바일 부품 비수기
2025년 2분기 매출액은 1분기 대비 23.0% 감소한 647억원으로 예상한다
2025년 2분기 영업이익은 1분기 대비 부진할 전망이나 영업흑자는 지속될 것으로 예상된다",매수,15000,9600,"IBK투자증권
김운호"
2025-07-15,"인터플렉스 A051370 -2분기 이전 전망 대비 하향
인터플렉스 2025년 2분기 매출액은 1분기 대비 24.8% 감소한 990억원으로 예상한다
2025년 2분기 영업이익은 1분기 대비 감소할 전망이다",매수,12000,8820,"IBK투자증권
김운호"
2025-07-15,"KH바텍 A060720 -2분기 예상 수준. Foldable 성수기
25년 2분기 매출액은 1분기 대비 2배 이상 증가한 1,330억원으로 예상하며 이전 전망을 유지한다
KH바텍 25년 2분기 영업이익은 1분기 대비 3배 이상 증가한",매수,20000,12820,"IBK투자증권
김운호"
2025-07-15,"이녹스첨단소재 A272290 -2분기 양호한 흐름 지속
2025년 2분기 매출액은 1분기 대비 1.7% 증가한 1,150억원으로 예상한다
2025년 2분기 영업이익은 274억원으로 예상한다",매수,40000,24900,"IBK투자증권
김운호"
2025-07-15,"LG이노텍 A011070 -2분기 이전 전망 대비 부진할 것
LG이노텍의 25년 2분기 매출액은 1분기 대비 21.1% 감소한 3조 9,327억원으로 예상한다
LG이노텍의 실적은 북미 고객 물량에 따라 유동적이다",매수,260000,154600,"IBK투자증권
김운호"
2025-07-15,"삼성전기 A009150 -2분기 환율 > Pull In
삼성전기 25년 2분기 매출액은 2조 7,051억원으로 전 분기 대비 1.2% 감소할 전망이다
삼성전기 2025년 매출액은 2024년 대비 7.9% 증가한 11조 1,194억원으로 예상한다.",매수,170000,138700,"IBK투자증권
김운호"
2025-07-15,"LG전자 A066570 -2분기 내구재 수요 우려
2025년 2분기 매출액(LG이노텍 제외)은 전년 동기 대비 1.7% 감소한 17조 432억원으로 추정한다
25년 2분기 실적은 계절성으로 인해 지난 1분기 대비 부진하고 지난해 대비로도 영업이익 규모가 20% 이상 감소할 것으로 예상된다",매수,120000,76200,"IBK투자증권
김운호"
2025-07-15,"삼성전자 A005930 -2분기 밋밋한 실적, DS 개선세는 지속될 것
삼성전자의 2025년 2분기 잠정 매출액은 2025년 1분기 대비 6.3% 감소한 74조 1290억원이다
삼성전자의 2025년 2분기 DS사업부는 DRAM 출하는 이전 전망 수준인데 비해 가격은 시장 대비 부진한 것으로 추정한다.",매수,75000,67100,"IBK투자증권
김운호"
2025-07-15,"SK하이닉스 A000660 -2분기 Pull In 영향
2025년 2분기 매출액은 21조 7450억원, 영업이익은 9조 110억원으로 예상한다
SK하이닉스의 High End DRAM 시장 내에서의 입지는 당분간 유지될 전망이다",매수,360000,269000,"IBK투자증권
김운호"
2025-07-15,"삼성물산 A028260 -Push to Become the Most Versatile SMR EPC
Pursuing projects with various SMR leaders
New shareholder return policy expected between late 2025 and early 2026",BUY,220000,174400,"KB증권
장문준"
2025-07-15,"HDC현대산업개발 A294870 -2Q25 Preview: 바뀌지 않은 성장 스토리
HDC현대산업개발의 2분기 영업이익은 735억원(YoY +37%)으로 컨센서스에 부합할 것으로 전망된다
그러나 3분기 수원 IPC의 인도 매출이 들어올 경우 높은 매출액이 단기적으로 크게 상승할 것으로 기대된다",BUY,34000,23500,"키움증권
신대현"
2025-07-15,"대우건설 A047040 -2Q25 Preview: 해외 수주 공백 해결 중
대우건설의 2분기 영업이익은 985억원(YoY -6%)으로 컨센서스에 부합할 것으로 전망된다
대우건설의 주가를 눌러왔던 주요 요인 중 하나인 해외 수주, 공사 지연이 해결되고 있다 판단된다",BUY,5000,4015,"키움증권
신대현"
2025-07-15,"DL이앤씨 A375500 -2Q25 Preview: 남들보다 빠른 개선에 원전 한줌
DL이앤씨의 2분기 영업이익은 1,071억원(YoY +230%)으로 컨센서스에 부합할 것으로 전망된다.
DL이앤씨는 2분기를 기점으로 두자리수의 건축/주택 부문의 매출총이익률을 기록할 것으로 전망된다",BUY,61000,49600,"키움증권
신대현"
2025-07-15,"현대건설 A000720 -2Q25 Preview: 단기 실적 우려는 있으나, 원전 모멘텀 유효
현대건설의 2분기 연결 영업이익은 2,341억원(YoY+65%)으로 시장에 부합할 것으로 전망된다
원전에 대한 모멘텀은 아직 유효하다고 판단된다",BUY,102000,70900,"키움증권
신대현"
2025-07-15,"삼성E&A A028050 -2Q25 Preview: 하반기부터 부각될 모멘텀
삼성E&A의 2분기 영업이익은 1,580억원(YoY -40%)으로 컨센서스에 부합할 것으로 전망된다
삼성E&A는 하반기 주가 상승이 기대된다. 먼저 비화공 부문의 수주가 하반기부터 정상화될 것으로 전망된다",BUY,34000,25600,"키움증권
신대현"
2025-07-15,"GS건설 A006360 -2Q25 Preview: 주택은 좋았으나, 치명적인 신사업의 아픔
GS건설의 2분기 영업이익은 1,207억원(YoY +29%)으로 컨센서스를 상회할 것으로 전망된다
하반기 예정되어 있는 주택부문의 대규모 도급 증액은 부재하기 때문에 상반기 대비 건축/주택 부문의 매출총이익률은 하락할 것으로 전망된다.",BUY,27000,20600,"키움증권
신대현"
2025-07-15,"두산에너빌리티 A034020 -Nuclear Power Now Essential; Expect Visible Progress Soon
Czech nuclear power project: From equipment supply to EPC
Expect Westinghouse orders to begin from 2026",BUY,89000,64800,"KB증권
정혜정"
2025-07-15,"현대글로비스 A086280 -China Boost
중국차 2차 해외 확장기 진입 ->글로비스 차별화된 이익 성장 실현 전망
대주주/일반주주 이해관계 일치 ->글로비스 차별화된 주주환원 제시 기대",BUY,210000,142600,"메리츠증권
김준성"
2025-07-15,"대한항공 A003490 -2Q25 profit proves better than expected
2Q25 profit proves better than expected
Korean Air: top pick, TP upped to W37,000",BUY,37000,25950,"LS증권
이재혁"
2025-07-15,"현대건설 A000720 -Leader of Nuclear EPC Club to Surpass LNG EPC Global Players
Maintain BUY, target price of KRW110,000; top pick for Construction, nuclear power
Set to go beyond LNG EPC global players during Middle East plant boom",BUY,110000,70900,"KB증권
장문준"
2025-07-15,"F&F A383220 -2Q25 Preview : 더 가팔라질 중국 아웃도어 성장 경로와 기대감
2Q25 매출액 3,736억원(-4.6% YoY), 영업이익 804억원(- 12.4% YoY)을 기록해 시장 기대치 대비 매출액은 -4%, 영업이익은 -6% 하회하겠다
중국 아웃도어 시장에 주목이 필요",BUY,100000,78900,"한화투자증권
이진협"
2025-07-15,"삼양식품 A003230 -Earnings momentum to strengthen in 2H
2Q25 preview: strong exports to offset one-off expense
Long-awaited capacity addition at Miryang plant 2",BUY,1780000,1402000,"유안타증권
손현정"
2025-07-15,"코스맥스 A192820 -견고하다
인디브랜드 수출 다변화와 CAPA 증설 효과로 별도법인 성장세 지속
여전히 성장중인 동남아, 중국은 상해를 중심으로 점진적인 회복세",BUY,300000,243000,"대신증권
정한솔"
2025-07-15,"삼성SDI A006400 -단기 실적보다는 회생 전략에 주목
단기 실적보다는 회생 전략과 수주 모멘텀에 주목
4분기를 기다리며 점진적 매수 전략 유효",매수,260000,182500,"미래에셋증권
김철중"
2025-07-15,"클래시스 A214150 -사실 아직도 할 게 많습니다
2Q25E Preview: 장비 선적 및 의료관광 호조세 지속으로 컨센서스 부합 전망
글로벌 EBD 시장 구조 변화를 주도하며 신제품 및 대형 시장(중국/미국) 허가 모멘텀 유효한만큼 투자의견 BUY 유지",BUY,77000,58400,"삼성증권
정동희"
2025-07-15,"나이스정보통신 A036800 -TRS growth beats expectations
TRS on track for robust growth
Local currency a boon",BUY,30000,25050,"LS증권
정홍식"
2025-07-15,"KT&G A033780 -Increasing growth catalysts
2Q25 preview: likely meets consensus
Overseas cigarette business, domestic consumption, shareholder return, and expectations for tobacco excise tax",BUY,170000,139500,"유안타증권
손현정"
2025-07-15,"오리온 A271560 -6월 잠정 실적 코멘트
법인별 합산 매출액 2,450억원 (+7.1% YoY), 영업이익 364억원 (+1.4 YoY, OPM 14.9%)
한국 법인 매출액 900억원 (+5.4% YoY), 영업이익 132억원 (+2.3% YoY, OPM 14.7%)",,,114700,"KB증권
류은애"
2025-07-15,"금호석유화학 A011780 -2Q preview; Total shareholder yield of 7-8%
We believe Kumho Petrochemical’s 2Q operating profit came to KRW69.3b, missing consensus by 14%, due to: 1) negative lag effects; 2) a dip in demand(after US tariff hikes in April); and 3) regular maintenance work.
Its earnings should bounce back in 3Q. The company plans to cancel 4-5% of its outstanding shares pa over 2024-2026, and its dividend yield is expected to reach 3%. It may have the capacity to cancel 11% of its outstanding shares from 2027. We keep the firm as our sector top pick.",BUY,160000,126300,"삼성증권
조현렬"
2025-07-15,"엔씨소프트 A036570 -고조되는 신작 기대감
목표주가 21만원 → 25만원으로 19.0% 상향, 투자의견 Buy 유지
2Q25 Preview: 영업이익 53억원 (-39.7% YoY)으로 컨센서스 하회 전망",BUY,250000,209500,"KB증권
이선화"
2025-07-15,"삼성E&A A028050 -Predictable 1H, promising 2H
2Q25 OP likely meets consensus of W162.2bn
Key catalysts likely in 2H25",BUY,34500,25600,"유안타증권
장윤석"
2025-07-15,"CJ ENM A035760 -거의 다 왔습니다. 잠시만요
2Q25 매출 1.4조원(+17% yoy), OP 312억원(-12% yoy) 전망
티빙과 F/S의 개선세에도 불구하고, 미디어와 커머스의 회복 주춤",BUY,86000,68700,"대신증권
김회재"
2025-07-15,"현대오토에버 A307950 -2Q25 Preview: 컨센서스 부합, 로보틱스 모멘텀 부각될 전망
동사는 2분기 영업이익 680억원(-0.7%yoy, OPM 6.5%)을 기록해 컨센서스에 부합할 전망
단가 인상 효과 반영이 지연된 점은 다소 아쉽지만 2분기 영업이익은 전분기 대비 154% 증가",BUY,215000,163800,"유진투자증권
이재일"
2025-07-15,"JW중외제약 A001060 -2025년 하반기 수액제 성수기 돌입
2025년 2분기 실적 Preview
2025년 연간 실적 전망",BUY,30000,23700,"상상인증권
이달미"
2025-07-15,"동아에스티 A170900 -2025년 하반기부터 주가부진 탈피 전망
2025년 2분기 실적 Preview
기대되는 2026년",BUY,65000,50800,"상상인증권
이달미"
2025-07-15,"HK이노엔 A195940 -2025년 하반기 케이캡 수출 확대
2025년 2분기 실적 Preview
2025년 연간 실적전망",BUY,65000,44000,"상상인증권
이달미"
2025-07-15,"녹십자 A006280 -2025년 하반기 알리글로 매출은 더욱 증가할 전망
2025년 2분기 실적 Preview
2025년 연간 실적전망",BUY,190000,153500,"상상인증권
이달미"
2025-07-15,"에스티팜 A237690 -2025년 실적은 올리고 신약이 견인
2025년 2분기 실적 Preview
2025년 4분기가 성수기",BUY,120000,93900,"상상인증권
이달미"
2025-07-15,"대웅제약 A069620 -나보타의 미국내 M/S 지속 확대 중
2025년 2분기 실적 Preview
나보타 수출 호조세는 하반기에도 지속된다",BUY,250000,171400,"상상인증권
이달미"
2025-07-15,"오리온 A271560 -Comment on June Preliminary Earnings
Consolidated revenue of subsidiaries: KRW245.0bn (+7.1% YoY), OP of KRW36.4bn (+1.4% YoY; 14.9% OPM)
Korea: Revenue of KRW90.0bn (+5.4% YoY), OP of KRW13.2bn (+2.3% YoY; 14.7% OPM)",,,114700,"KB증권
류은애"
2025-07-15,"한미약품 A128940 -2025년 하반기 북경한미 턴어라운드 전망
2025년 2분기 실적 Preview
2025년 하반기 및 2026년 실적개선 기대",BUY,400000,292500,"상상인증권
이달미"
2025-07-15,"SK바이오팜 A326030 -미국 엑스코프리가 이끄는 장기적인 이익개선세
2025년 2분기 실적 Preview
2025년 연간 실적전망",BUY,140000,103000,"상상인증권
이달미"
2025-07-15,"셀트리온 A068270 -2025년 신제품 출시로 하반기 기대감 높아
2025년 2분기 실적 Preview
2025년 하반기 신제품 출시에 따른 실적개선 지속될 전망",BUY,240000,180300,"상상인증권
이달미"
2025-07-15,"삼성바이오로직스 A207940 -이제는 대형주를 봐야 할 타이밍
2025년 2분기 실적 Preview
6공장 발표 및 글로벌 수주는 지속",BUY,1300000,1051000,"상상인증권
이달미"
2025-07-15,"엔씨소프트 A036570 -Growing Expectations for New Titles
2Q25 preview: OP of KRW5.3bn (-39.7% YoY) to miss
New title pipeline expanding and resumption of China’s game approvals",BUY,250000,209500,"KB증권
이선화"
2025-07-15,"클래시스 A214150 -Still a long way to go
Classys’ 2Q operating profit likely met consensus on the back of: 1) equipment shipments in late June; and 2) a high number of medical tourists (visiting Korea to receive medical aesthetic procedures)
Timeline for major products",BUY,77000,58400,"삼성증권
정동희"
2025-07-15,"GS건설 A006360 -No reason not to rise
2Q25 OP likely meets consensus (W107.8bn)
Gap between investor sentiment and leading indicators",BUY,30000,20600,"유안타증권
장윤석"
2025-07-15,"삼성SDI A006400 -Focus on turnaround strategy
Focus on turnaround strategy and order momentum over near-term results
Gradual accumulation strategy still valid",매수,260000,182500,"미래에셋증권
김철중"
2025-07-15,"디어유 A376300 -Growth poised to accelerate
We believe Dear U will post 2Q results showing solid revenue growth and operating profit up 7.1% y-y to KRW7.5b.
Its profits should move up a level from 3Q, backed by the China Bubble service and its new web store (which opened Jul 7).",,,54500,"삼성증권
최민하"
2025-07-15,"컴투스 A078340 -올해는 실적도 주주환원도 홈런이다
RPG게임 ‘서머너즈 워’가 글로벌 흥행에 성공하면서 동사의 개발력 및 흥행 능력을 입증
주요 종속회사인 위지윅스튜디오는 종합 미디어 콘텐츠 제작사로서 드라마, 영화, CG/VFX 등의 미디어 콘텐츠 사업 영위",,,41100,"불릿
리서치센터"
2025-07-15,"한솔케미칼 A014680 -업황 회복의 물결 속, 차세대 소재로 돛을 올리다
투자의견 BUY, 목표주가 210,000원으로 커버리지 개시
2025년 투자포인트: 모든 소재의 업황 회복 기대",BUY,210000,180700,"상상인증권
백영찬"
2025-07-16,"아모레퍼시픽 A090430 -에스트라가 끌고, 라네즈가 받치고
북미, 유럽, 일본 등이 분기 매출 성장 강세 지속
최근 화장품사들의 주가 상승 랠리로 동사 주가도 동반 상승",매수,185000,135600,"신한투자증권
박현진"
2025-07-16,"LG유플러스 A032640 -높아진 실적 자신감
2Q25 Preview: 컨센서스 소폭 상회
실적 개선 강도 가장 클 전망 vs. 밸류에이션 프리미엄",매수,16500,14990,"신한투자증권
김아람"
2025-07-16,"KT A030200 -계속 좋겠구나
2Q25 Preview: 호실적
여전히 매력적인 주주환원, 중장기 Top Pick 유지",매수,65000,57200,"신한투자증권
김아람"
2025-07-16,"SK텔레콤 A017670 -배당 유지 믿어요
2Q25 Preview: 어닝쇼크 예상
굳이 나쁘게만 볼 필요 없다",TRADING BUY,59000,56000,"신한투자증권
김아람"
2025-07-16,"오리온 A271560 -원가 압박에도 선방한 2분기
2Q 원재료비 부담과 소비 위축에도 매출 성장 지속
중국은 6월부터 경쟁사 과재고 소진되며 하반기 출고 회복 기대",BUY,150000,114700,"대신증권
정한솔"
2025-07-16,"KCC A002380 -A turnaround in policy a boon
1. Value of treasury shares
2. Potential changes in financial assets",BUY,442000,379000,"LS증권
정경희"
2025-07-16,"현대건설 A000720 -2Q25 Preview: 건축/주택에 원전 더하기
2Q25 Preview: 건축/주택에 원전 더하기
투자의견 BUY 업종 최선호주 유지. 목표주가는 97,000원으로 상향",BUY,97000,70900,"교보증권
이상호"
2025-07-16,"풍산 A103140 -High Hopes for Ammunition Exports
2Q25 TRASS ammunition export stats: +291.3% QoQ
3Q25 off to a strong start (Jul 1-10)",,,160800,"KB증권
최용현"
2025-07-16,"HDC현대산업개발 A294870 -2Q25 preview; 우려에도 불구, 흔들림 없는 성장
2Q25 실적, 컨센서스 부합 전망
우려에도 불구, 흔들림 없는 중장기 성장",BUY,31000,23500,"삼성증권
허재준"
2025-07-16,"오리온 A271560 -Recovery in sight as 2H25 begins
Long-awaited rebound to begin in 2H25
Monthly performance disappoints again in June",매수,140000,114700,"신한투자증권
조상훈"
2025-07-16,"롯데쇼핑 A023530 -Better days ahead in 2H
Better days ahead in 2H
Maintain BUY; lift our target price to W97,000",BUY,97000,74600,"LS증권
오린아"
2025-07-16,"현대위아 A011210 -2Q25 Preview: 공작사업부 매각 완료
현대위아의 2분기 영업이익은 462억원(-33.2%yoy, OPM 2.2%)을 기록해 시장 컨센서스를 하회할 전망
공작기계 사업부 매각 완료로 일회성 비용 발생은 일단락 될 것",BUY,57500,51000,"유진투자증권
이재일"
2025-07-16,"오리온 A271560 -6월 잠정 실적 Review
2분기 영업이익 컨센서스 9.7% 하회
한국: 신제품 출시로 성장 지속",매수,150000,114700,"한국투자증권
강은지"
2025-07-16,"롯데정밀화학 A004000 -2Q preview; 2H outlook still upbeat
2Q preview-results miss
CH spread widens significantly",BUY,54000,43000,"삼성증권
조현렬"
2025-07-16,"한세실업 A105630 -수직계열화 확대에 따른 중장기 수익성 개선은 유효
2분기 매출액 4,707억원(YoY +5%), 영업이익 282억원 (-34%), 영업이익 컨센서스 하회 전망
다만, 중장기적으로 수직계열화 확대에 따른 수익성 개선은 여전히 유효",BUY,15000,11080,"삼성증권
이혜인"
2025-07-16,"화승엔터프라이즈 A241590 -하반기 실적 개선은 여전히 유효
2분기 매출액 4,610억원 (YoY +18%), 영업이익 233억원(+25%), 컨센서스 하회 전망
아디다스 성장 지속됨에 따라, 하반기로 갈수록 오더 확대와 수익성 개선 기대",BUY,11000,7960,"삼성증권
이혜인"
2025-07-16,"영원무역 A111770 -OEM 순항 중, 관세 회피성 오더 증가 가능성
2분기 매출액 1조원 (YoY+12.8%), 영업이익 1,711억원(+2.8%) 기록하며, 컨센서스 상회 전망
관세 유예 기간 내 고객사 오더 증가에 따른 OEM 실적 개선 기대",BUY,70000,60200,"삼성증권
이혜인"
2025-07-16,"포스코퓨처엠 A003670 -Strengthening fundamentals
Strengthening fundamentals through vertical integration of the supply chain
2Q preview: Below consensus due to losses in cathode/anode materials despite strong basic materials",매수,160000,156900,"신한투자증권
이진명"
2025-07-16,"펄어비스 A263750 -가까워지는 D-Day
목표주가 38,000원 → 45,000원으로 18.4% 상향, 투자의견 Buy 유지
2Q25 Preview: 영업적자 96억원 (적자지속 YoY)으로 컨센서스 부합 전망",BUY,45000,39450,"KB증권
이선화"
2025-07-16,"펄어비스 A263750 -D-Day Approaching
Revise up TP by 18.4% from KRW38,000 to KRW45,000; Maintain BUY
2Q25E operating loss of KRW9.6bn (RR YoY), in line with consensus",BUY,45000,39450,"KB증권
이선화"
2025-07-16,"LG유플러스 A032640 -Poised to Rejoin the KRW1tn OP Club
2Q25E OP to beat consensus
Share buyback of up to 20% of net income",BUY,19000,14990,"KB증권
김준섭"
2025-07-16,"HDC현대산업개발 A294870 -OP-2Q preview: Steady growth despite concerns
We expect HDC Hyundai Development to report 2Q consolidated operating profit of KRW74.4b, meeting FnGuide-based consensus of KRW73.4b
Sales from in-house projects likely dwindled q-q on a delay in the recognition of sales from Suwon I’Park City",BUY,31000,23500,"삼성증권
허재준"
2025-07-16,"LG유플러스 A032640 -영업이익 1조원 클럽 회복 기대
2Q25 영업이익: 컨센서스 상회
자기주식 매입 규모, 순이익의 20%까지",BUY,19000,14990,"KB증권
김준섭"
2025-07-16,"오스테오닉 A226400 -Sports Medicine 수출 중심 고성장
2025년 2분기 매출 20% 내외 성장 추정
2025년 하반기 Sports Medicine의 고성장에 주목한다",BUY,11000,7130,"상상인증권
하태기"
2025-07-16,"비에이치 A090460 -2Q 부진하나 2026년 성장에 초점
2Q25 추정 영업이익(101억원)은 컨센서스를 하회할 전망
아이폰17 판매 부진 우려 상존/ 2026년 턴어라운드에 주목",BUY,17500,13590,"대신증권
박강호"
2025-07-16,"삼성전기 A009150 -2Q 영업이익, 우려대비 양호! 숫자, 경쟁력 확대를 의미!
2Q25 추정 영업이익은 2,131억원(0.7% yoy/6.2% qoq)으로 양호 전망
MLCC, 전장용 및 산업용의 매출 확대로 IT 업황 부진을 상쇄",BUY,180000,138700,"대신증권
박강호"
2025-07-16,"SK하이닉스 A000660 -AI 수요 호조에 동반
2Q25 Preview: 비우호적 환율에도 견조한 이익
AI 수요로 인해 견조한 HBM 실적 지속",BUY,350000,269000,"하나증권
김록호"
2025-07-16,"네오위즈 A095660 -일찍 시작된 서곡, 순조로운 시리즈화
2Q25 Pre: P의 거짓 DLC 출시로 컨센서스 상회
높아진 이익 체력",BUY,36000,24650,"하나증권
이준호"
2025-07-16,"HD현대중공업 A329180 -Classic is the Best
2Q25 매출액 4조, 영업이익 4,670억원, 영업이익률 11.5%로 컨센 부합
상반기 신규수주는 컨테이너 위주였으나 하반기는 LNGC 기대",BUY,550000,405500,"대신증권
이지니"
2025-07-16,"한화오션 A042660 -특수선과 해양 성장을 주시
LNG를 제외해도 두둑한 해양/특수선 MRO 파이프라인
해양 부문의 매출 증가와 특수선 부문의 이익률 상승에 주목",BUY,100000,80400,"대신증권
이지니"
2025-07-16,"파라다이스 A034230 -K-카지노, 잭팟이 터진다 !
목표주가 26,000원으로 +30% 상향
중국인 단체관광객 무비자 입국 전국 확대, 비자 무기한 연장 9월 시행 예상",BUY,26000,19050,"KB증권
이선화"
2025-07-16,"파인엠텍 A441270 -나는 아직 배고프다!
아이폰 폴더블
삼성 갤럭시 폴더블",Not Rated,,11350,"유안타증권
권명준"
2025-07-16,"현대오토에버 A307950 -무역협상 및 밸류에이션 현황 점검 필요
2Q25 Preview: 한-미 무역협상의 직간접적 영향권
로보틱스 신사업 가능성 유효, 과도한 기대감에는 유의",MARKETPERFORM,150000,163800,"키움증권
신윤철"
2025-07-16,"솔브레인 A357780 -실적 턴어라운드, 소재 업종 Top Pick 제시
3Q25 영업이익 450억원(+41%QoQ) 전망
4Q25 영업이익 472억원(+30%YoY) 전망",BUY,260000,210500,"키움증권
박유악"
2025-07-16,"펩트론 A087010 -지속형 기술 상업화로 검증 ‘루프원’ 승인
주 1회를 월 1회로 바꾼 ‘루프원’ 승인, 비만에 적용될 것
루프원은 다케다 오리지날 약물 루프린의 용출 패턴을 맞춘 제품",Not Rated,,294500,"신한투자증권
엄민용"
2025-07-16,"팬오션 A028670 -2Q25 Pre: 완만한 흐름 이어지는 중
안정적인 실적, 과하게 안정적인 주가
단기 실적은 업사이드와 다운사이드 모두 제한적",매수,5200,4210,"신한투자증권
최민기"
2025-07-16,"슈프리마 A236200 -AI 출입보안 플랫폼 시장 주도
출입보안 시스템과 통합보안 솔루션을 개발·공급
AI 제품군의 매출 비중은 2024년 기준 43%까지 상승",,,34300,"한국IR협의회(리서치센터)
김경민"
2025-07-16,"롯데쇼핑 A023530 -2Q25 Preview: 실적의 아쉬움을 업황 회복 기대감이 상쇄
영업이익이 시장 기대치를 29.4% 하회
요즘 외국인이 유통 주식을 사는 이유",매수,94000,74600,"한국투자증권
김명주"
2025-07-16,"에이프릴바이오 A397030 -보고만 있든지 사든지
레벨업 모멘텀이 다가오고 있다
APB-A1(Lu AG22515): 말하지 않아도 보인다",매수,35000,23000,"한국투자증권
위해주"
2025-07-16,"성일하이텍 A365340 -폐배터리 Full Recycling 부문 Global Player
폐배터리 Full Recycling 밸류체인을 보유한 글로벌 도시광산기업
미국 IRA에 이어 유럽 CRMA대비 선제적인 유럽, 북미 공급망 확보",,,37200,"한국IR협의회(리서치센터)
이원재"
2025-07-16,"CJ대한통운 A000120 -2Q25Pre: 아직 기 모으는 중
주주환원책 변화가 나온다면 좀 더 빠른 재평가 가능
택배 회복 지연, CL 성장 지속. 하반기 실적 개선 본격화",매수,115000,92300,"신한투자증권
최민기"
2025-07-16,"팬오션 A028670 -체질 개선에 대한 재평가 필요
2Q25E 매출액 1조 4,085억원, 영업이익 1,170억원, 컨센서스 부합 전망
벌크 의존도 축소 및 수익성 확보 지속에 주목",BUY,5600,4210,"상상인증권
이서연"
2025-07-16,"롯데쇼핑 A023530 -2Q25 Preview: 하반기 개선 기대
2Q25 Preview: 하반기 개선 기대
투자의견 Buy 유지, 목표주가 97,000원으로 상향",BUY,97000,74600,"LS증권
오린아"
2025-07-16,"롯데정밀화학 A004000 -2Q25 preview - 하반기 이익 개선 기대감 유효
2Q25 preview, 컨센서스 하회
ECH 스프레드, 의미 있는 개선세 시현",BUY,54000,43000,"삼성증권
조현렬"
2025-07-16,"KCC A002380 -정책 변화로 부각되는 2가지 가치
1. 자사주 가치
2. 금융자산 변화 가능성",BUY,442000,379000,"LS증권
정경희"
2025-07-16,"HD현대미포 A010620 -하반기로 갈수록 믹스 개선
2Q25 매출액 1.2조원, 영업이익 749억원으로 컨센 소폭 하회 전망
컨테이너선 신규 발주세는 노후선대 교체 수요로 하반기까지 지속될 것",BUY,210000,200000,"대신증권
이지니"
2025-07-16,"한국가스공사 A036460 -요금 인상 방향성? 장기 방향성으로 접근
2Q25 연결OP 당사 및 컨센서스 전망치 부합 전망
25년 연결OP yoy -24% 전망. 24년 급증 후 Normalizing 숨고르기",BUY,54000,44050,"LS증권
성종화"
2025-07-16,"신세계인터내셔날 A031430 -하반기 실적 회복 예상
2Q25 Preview: 영업이익 시장 컨센서스 하회 예상
하반기 영업이익 턴어라운드 예상, 다만 주가는 기대를 이미 반영",중립,14000,12610,"SK증권
형권훈"
2025-07-16,"링크솔루션 A474650 -3D프린팅, 제조업의 게임 체인
3D 프린팅 토탈 솔루션 제공 업체
우호적인 시장 환경 속, 3D프린팅 전문 파운드리 업체로 도약할 전망",Not Rated,,23400,"SK증권
허선재"
2025-07-16,"오리온 A271560 -6월 잠정 실적 Review
6월 잠정 실적 Review: 일시적인 부진을 뒤로하고
하반기 더 좋아질 중국. 국내 소비 정책 수혜는 플러스 알파",BUY,160000,114700,"LS증권
박성호"
2025-07-16,"디어유 A376300 -지금보다 내일이 기대되는 이유
2분기 영업이익은 75억원(+7.1% YoY)으로 외형과 이익 성장 재개 전망
중국 버블 서비스와 웹스토어 오픈으로 3분기부터 뚜렷한 이익 레벨업 전망",BUY,72000,54500,"삼성증권
최민하"
2025-07-16,"인텔리안테크 A189300 -점차 집중되는 우주의 기운
OneWeb 입지가 확대되며 동사 수혜 또한 커질 것으로 전망
2분기 실적 턴어라운드와 더불어 하반기부터 본격화될 성장 모멘텀",Not Rated,,52100,"NH투자증권
심의섭"
2025-07-16,"풍산 A103140 -강력한 탄약 수출 기대
2Q25 탄약 수출입 통계 데이터: +291.3% QoQ
3Q25도 시작이 좋음 (7월 1일~10일)",,,160800,"KB증권
최용현"
2025-07-16,"HD현대중공업 A329180 -하반기 LNG선 발주 기대감 유효
2분기 영업이익 4,586억원, 컨센서스 부합 전망
상반기 수주 성과 기대 이상, 하반기는 LNG선 발주 재개",BUY,510000,405500,"키움증권
이한결"
2025-07-16,"오리온 A271560 -약속의 하반기에 들어서며
약속의 하반기 진입, 기다렸던 반등 시작
지난 달에 이어 아쉬웠던 6월 실적",매수,140000,114700,"신한투자증권
조상훈"
2025-07-16,"케이카 A381970 -2Q25 Preview: 고배당(7.1%)과 배당 성장 매력
2분기 영업이익 180억원(-0.6%yoy)을 기록해 시장 컨센서스에 부합할 전망
2025년 연간 배당 1,200원, 수익률 7.1% 기대",BUY,20500,16450,"유진투자증권
이재일"
2025-07-16,"풍산 A103140 -방산가치 재평가 지속
저평가받던 방위사업 부문 가치 재평가 중인 것으로 판단
미국 구리 가격 급등은 PMX(미국 생산법인)에 긍정적",BUY,193000,160800,"NH투자증권
이재광"
2025-07-16,"오리온 A271560 -가성비 제품 비중 확대 추진
러시아 법인의 실적 개선 흐름 지속
6월 영업(잠정)실적 요약",BUY,140000,114700,"NH투자증권
주영훈"
2025-07-16,"JW중외제약 A001060 -아쉽지만 방향성은 유지
2Q25 연결 매출액 1,920억원(+11.4% YoY, +3.6% QoQ), 영업이익 230억원(+97.9% YoY, +4.7% QoQ)으로 추정
리바로 패밀리, 헴리브라, 수액제 등 ETC 매출은 성장하나 프렌즈 판매채널 변경에 따른 매출 감소로 OTC 매출은 소폭 감소할 전망",BUY,34000,23700,"다올투자증권
이지수"
2025-07-16,"KH바텍 A060720 -오랜만에 갖는 기대감
2Q25 Preview: 컨센서스 부합 예상
되살아나는 기대감",BUY,15000,12820,"메리츠증권
양승수"
2025-07-16,"휴비츠 A065510 -디지털 치과 솔루션, 라인업 완성
안과 진단 기기는 전성기, 디지털 치과 솔루션은 도약기
디지털 덴티스트리 라인업 완성, 부작용은 아쉬운 실적",Not Rated,,7970,"흥국증권
최종경"
2025-07-16,"HL만도 A204320 -2Q25 Preview:이익 정상화 흐름 지속
HL만도의 2분기 영업이익은 1,050억원(+16.8%yoy, OPM 4.4%)을 기록해 시장 컨센서스를 상회할 전망
멕시코 공장 무관세",BUY,51000,35000,"유진투자증권
이재일"
2025-07-16,"오리온 A271560 -6월 잠정 실적 Review
오리온 4~6월 4개 법인 합산 매출액은 7,795억원(+8.1%yoy), 영업이익은 1,245억원(-0.3%yoy, OPM 16.0%)으로 시장 컨센서스 하회
투자의견 BUY, 목표주가 150,000원 유지",BUY,150000,114700,"현대차증권
하희지"
2025-07-16,"디어유 A376300 -Super Fans Monetization (feat. TME)
2Q25 영업이익 컨센서스 부합 추정
Super Fans Monetization (feat. TME)",BUY,75000,54500,"한화투자증권
박수영"
2025-07-16,"아이쓰리시스템 A214430 -2Q25 Preview: 높은 성장세 기대
동사는 25년 7월 15일 LIG넥스원향 현궁 공급 계약체결을 공시함
2025년 실적 전망치를 매출액 1,463억원(+21.2% yoy), 영업이익 217억원(+46.7% yoy)로 상향조정함",BUY,165000,118400,"현대차증권
곽민정"
2025-07-16,"오리온 A271560 -6월 Re: 글로벌 전반 소비둔화 지속
6월 Re: 글로벌 전반 소비둔화 지속
투자의견 BUY 및 목표주가 145,000원 유지",BUY,145000,114700,"교보증권
권우정"
2025-07-16,"F&F A383220 -2Q25 Preview: 국내는 쉬고 중국은 간다
2Q25E 매출액 3,844억원(-1.8%, 이하 yoy), 영업이익 822억원(-10.5%) 전망
2분기 중국 디스커버리 매장수는 12개(1분기 매장 6개), 연간 매장수 100개 목표 유지",BUY,105000,78900,"유진투자증권
이해니"
2025-07-16,"한국콜마 A161890 -2Q25 Preview: Sun 성수기 기대
2Q25E 매출액 7,263억원(+10.0%, 이하 yoy), 영업이익 807억원(+12.5%), OPM 11.1% 전망
국내(간접수출 포함) 상위 10위 내 인디 브랜드들이 중견 브랜드로 성장하며 양호한 수주 흐름 지속되어 실적 호조 예상. 마진율 높은 선제품의 성수기 맞이와 더불어 역대 최대 별도 영업이익률 16.2% 기대",BUY,135000,98300,"유진투자증권
이해니"
2025-07-16,"포스코퓨처엠 A003670 -내실을 다지는 구간
공급망 내재화로 펀더멘탈 강화
2Q Preview: 기초소재 실적 호조에도 양/음극재 적자로 컨센서스 하회",매수,160000,156900,"신한투자증권
이진명"
2025-07-16,"엔씨소프트 A036570 -실적 및 추이 전망
2Q25 연결 영업이익 67억원(YoY-24%)으로 컨센서스 하회 전망
신작게임 부재한 가운데 기존게임 매출 하향안정화. 전분기 대비 일회적 인건비 감소한 반면 마케팅비 증가",BUY,310000,209500,"유안타증권
이창영"
2025-07-16,"SK케미칼 A285130 -3개의 성장동력
2Q25E 영업이익 -12억원, 바사 제외 339억원 (QoQ-14%/YoY+18%) 전망
하반기 ①에코젠 중심의 Copoly 성장, ②SKMU 가세, ③rPET 매출 성장 주목",BUY,95000,73100,"DB증권
한승재"
2025-07-16,"삼양식품 A003230 -어차피 2분기 실적은 관심 없으실 테니 하반기 CAPA나 예측해보겠습니다
실적 추정치 및 멀티플 변경에 따라 목표주가 1,750,000원으로 상향, 투자의견 BUY 유지
2Q25 매출액 5,603억원(+6%qoq, +32%yoy), 영업이익 1,320억원(-1%qoq, +48%yoy)으로 비우호적 환율 흐름에도 불구하고 컨센서스에 부합하는 실적 전망",BUY,1750000,1402000,"유진투자증권
김진우"
2025-07-16,"크래프톤 A259960 -실적 및 추이 전망
2Q25 연결 영업이익 2,693억원(YoY-19%)으로 컨센서스 하회 전망
PC 게임부문 : 2분기 비수기 영향. 성장형 무기 블랙마켓 판매가 있었으나 작년 ‘뉴진스’ 콜라보와는 상당한 차이",BUY,450000,354000,"유안타증권
이창영"
2025-07-16,"위메이드 A112040 -글로벌 매출 확대 구간
2Q25 Preview: 기존작 하향안정화 지속
하반기 글로벌 매출 확대",BUY,39000,33750,"흥국증권
김지현"
2025-07-16,"롯데이노베이트 A286940 -Innovate (LOTTE)
2Q Preview: 자회사 적자 축소 영향권
롯데그룹, AX전환 필요성 강화",BUY,30000,22150,"흥국증권
김지현"
2025-07-16,"컴투스 A078340 -MMORPG 출시 임박
2Q25 Preview: 안정적인 매출 지속
MMORPG <더 스타라이트>, IP 기반 RPG 신작 다수",BUY,54000,41100,"흥국증권
김지현"
2025-07-16,"카카오 A035720 -실적 및 추이 전망
2Q25 연결 영업이익 1.377억원(YoY+3%)으로 컨센서스 상회 전망
2분기 광고 성수기, 메시지 광고 두자릿수 성장 지속. 커머스 YoY 성장 지속. DA는 역성장 지속",BUY,80000,56900,"유안타증권
이창영"
2025-07-16,"NAVER A035420 -실적 및 추이 전망
2Q25 연결 영업이익 5,223억원(YoY+10.5%)으로 컨센서스 하회 전망
2Q 광고 성수기 효과, ChatGPT 사용량 증가에도 비즈니스 쿼리를 통한 검색매출 성장, 홈피드의 높은 광고효율성으로 DA 매출 고성장, 커머스 광고 고성장",BUY,360000,242000,"유안타증권
이창영"
2025-07-16,"현대차 A005380 -2Q25 Pre: 고민도 기대도 되는 하반기
2Q25 Pre: 선수요로 인한, 지역 믹스 개선 효과
하반기 기대되는 요소 3가지",BUY,270000,210500,"교보증권
김광식"
2025-07-16,"카카오 A035720 -한국형 Agentic AI 구현이 기대된다
목표주가 72,000원으로 상향, 투자의견 매수 유지
2분기 영업이익은 컨센서스 소폭 하회 전망",매수,72000,56900,"IBK투자증권
이승훈"
2025-07-16,"NAVER A035420 -글로벌 AI경쟁력으로 저평가를 벗어날 때
목표주가 32만원으로 상향, 투자의견 매수 유지
2분기 실적 컨센서스 상회 전망",매수,320000,242000,"IBK투자증권
이승훈"
2025-07-16,"에이블씨엔씨 A078520 -인디뷰티 원조, 미국이 뜬다
미국 사업 집중에 대한 성과 발현 중인 것으로 파악
매출과 ROE 상승세 감안 시 밸류에이션 매력 유효",,,9440,"신한투자증권
박현진"
2025-07-16,"한국콜마 A161890 -하반기 미국에 달린 모멘텀
썬제품과 같은 동일 유형의 제품 수주 늘면서 이익 레버리지 효과 극대화
본업 가치 증가에 지배구조 개편 기대감으로 콜마홀딩스까지 주가 급등. 그럼에도 상승여력 보유",매수,130000,98300,"신한투자증권
박현진"
2025-07-16,"달바글로벌 A483650 -하반기 또 다른 시작 예고
2024년 미스트세럼 위주로 편중된 매출 구성을 보였으나, 최근 썬크림, 에센스 등으로 제품 매출 다각화 추세
FW 12개월 EPS 13,690원, Target PER 25배로 목표주가 342,000원으로 산정",매수,342000,211000,"신한투자증권
박현진"
2025-07-16,"코스맥스 A192820 -혼자만 갖는 하반기 투자 포인트
2024년과 달라진 점이라면 썬제품 수주 증가로 이익 레버리지 효과 극대화가 기대된다는 점
중국과 동남아시아 실적 성장 여력 매력적",매수,320000,243000,"신한투자증권
박현진"
2025-07-16,"실리콘투 A257720 -하반기에도 끄떡없을 업황의 바로미터
2025년 매출 1.12조원, 영업이익 2,239억원으로 전년대비 62%, 63% 성장 전망
성장성 감안해 적정 멀티플 P/E 20배 무난하며, 실적 예상치 상향 수준 고려해 향후 주가 업사이드 고려해 볼 것을 추천",Not Rated,,50600,"신한투자증권
박현진"
2025-07-16,"에이피알 A278470 -업종 평균 밸류에이션 캐리 중
화장품 ＇메디큐브＇ 브랜드의 압도적 국내외 매출 성장세로 외형 확대 지속
섹터 밸류에이션 리레이팅이 동사를 중심으로 진행",매수,170000,170000,"신한투자증권
박현진"
2025-07-17,"탈로스 A434190 -기술분석보고서
군용 리튬이온 배터리 팩과 충전기 제조 사업 영위
국방예산 확대와 군 장비 전자화에 따른 견조한 성장세",,,6000,한국IR협의회(기술분석보고서)
2025-07-17,"크린앤사이언스 A045520 -기술분석보고서
글로벌 시장으로 확장 중인 필터 및 필터 미디어 전문기업
필터 분야의 우수한 기술력과 다양한 제품 포트폴리오 보유",,,4400,한국IR협의회(기술분석보고서)
2025-07-17,"한국가스공사 A036460 -2Q25 Preview: 북미 자원개발에 기대를 가질 때
해외 사업 수익성 부진에도 불구하고 견조한 2분기 실적
눈 앞에 다가온 알래스카 LNG. 플러스 알파로 주목",BUY,54000,44050,"메리츠증권
문경원"
2025-07-17,"팬오션 A028670 -안정적 수익구조 속 나타나는 시황 반등
2Q25 Preview: 건화물, LNG 실적 호조로 증익 예상
비수기에 나타나는 시황 반등: 저점에서 수요 개선 기대",매수,5500,4210,"미래에셋증권
류제현"
2025-07-17,"팬오션 A028670 -Stable earnings structure and market recovery
2Q25 preview: QoQ earnings growth driven by strength in dry bulk/LNG
Off-season market rebound suggests that demand has turned a corner",매수,5500,4210,"미래에셋증권
류제현"
2025-07-17,"팬오션 A028670 -조용한 업황 편안한 실적
25년 2분기 실적 시장 컨센 부합, 당사 직전 추정치를 소폭 하회할 전망
상반기 건화물 시황 뚜렷한 강세 및 약세 요인 없이 조용한 박스권 흐름",BUY,5000,4210,"대신증권
양지환"
2025-07-17,"KCC A002380 -10년 전을 복기해보자
KCC 목표주가 53만 원으로 상향
Dow, 웨일즈 실록산 설비 폐쇄 발표",매수,530000,379000,"IBK투자증권
이동욱"
2025-07-17,"영원무역 A111770 -실적 걱정 없고 여전히 싸고
2분기 실적 시장 기대치 부합 전망
투자의견 Buy 유지, 목표주가 8만원으로 상향",BUY,80000,60200,"DB증권
허제나"
2025-07-17,"코스맥스 A192820 -국내와 해외 다 좋다!
2Q25E 매출액 yoy+17.2%, 영업이익 yoy+41.5% 전망
투자의견 BUY 상향, 목표주가 23만원 → 31만원 상향",BUY,310000,243000,"상상인증권
김혜미"
2025-07-17,"넷마블 A251270 -2Q25 Preview: 조금의 아쉬움
상반기 신작들의 좋은 성과로 컨센서스 부합 전망
아직은 조금 아쉬운 이익 규모",중립,,61200,"한국투자증권
정호윤"
2025-07-17,"풍산 A103140 -최근 이슈에 대한 친절한 설명서
미국의 구리 관세 정책에 따른 영향과 전망",매수,228500,160800,"한국투자증권
최문선"
2025-07-17,"GS A078930 -이런 분위기라면 빠질 수 없지
2Q25E 영업이익 4,757 억원, 유가 하락으로 칼텍스 부진
하반기 정유 시황 바닥 통과 예상, 이익 체력이 약화되어도 견고한 발전",BUY,67000,52900,"DB증권
한승재"
2025-07-17,"콘텐트리중앙 A036420 -방송은 합격
2Q25 매출 3천억원(+31% yoy), OP 58억원(흑전 yoy)
방송은 합격. 적은 편성회차에도 불구하고 <굿보이>와 Wiip의 실적 호조",BUY,17000,10780,"대신증권
김회재"
2025-07-17,"대덕전자 A353200 -2Q25 Preview: 날 좀 보소
메모리 재고 이슈 해소로 2분기부터 실적 턴어라운드할 것
올해는 네트워크, 내년은 AI가속기가 주도할 MLB 사업",매수,28000,20300,"한국투자증권
박상현"
2025-07-17,"심텍 A222800 -2Q25 Preview: AI 메모리 수혜주로서 전환
흑자 전환하겠으나 수익성은 아직 BEP 수준
일단락된 메모리 재고 이슈, 그리고 GDDR의 재발견",중립,,25000,"한국투자증권
박상현"
2025-07-17,"기업은행 A024110 -현금배당의 매력 부각
안정적 이익증가세 지속될 전망
투자의견 매수, 목표주가 26,000원",BUY,26000,20500,"키움증권
김은갑"
2025-07-17,"지누스 A013890 -하반기 전망을 밝게 하는 여러가지 이유
2Q25 매출액 (연결) 2,149억원 (+4.2% YoY), 영업이익 212억원 (+ 흑자전환 YoY) 추정
미국과 인도네시아 무역 협상 타결에 따른 불확실성 해소",Not Rated,,19870,"KB증권
김현겸"
2025-07-17,"종근당 A185750 -지나갈 성장통, 여전히 기대되는 R&D 개화
2Q25 프리뷰: 지나갈 성장통
R&D를 기대하는 이유",BUY,110000,87300,"KB증권
김혜민"
2025-07-17,"엠아이큐브솔루션 A373170 -스마트 팩토리 솔루션 전문기업
스마트 팩토리 솔루션 전문기업
자율제조 시대에 준비된 기업",,,8390,"한국IR협의회(리서치센터)
김선호"
2025-07-17,"쿠콘 A294570 -테더, 서클과의 협업이 기다린다
데이터, 페이먼트 양쪽, API서비스 수요 급증 전망
스테이블코인과 함께 해외 간편 결제 시장 본격 진입",,,44850,"그로쓰리서치
한용희"
2025-07-17,"NHN KCP A060250 -국내 1등 PG사는 스테이블코인 날개 얹고 훨훨
총 11종 스테이블코인 상표권 출원 완료. 본격 시장 진입 신호탄
중요해지는 PG사 역할, 커지는 수혜 강도",,,15700,"그로쓰리서치
한용희"
2025-07-17,"코스텍시스 A355150 -양산레벨로 입증된 Spacer의 미래
확장된 전방산업, 이제 데이터 센터 향이 메인
기술적 우위에 있는 spacer, 확장성은 무궁 무진",Not Rated,,11600,"키움증권
김학준"
2025-07-17,"성일하이텍 A365340 -진짜 바닥은 지난듯
25년 2분기, 1분기를 바닥으로 지속 성장 전망
북미 생산 거점 확보로 총 12만톤 CAPA 확보",중립,32000,37200,"IBK투자증권
이현욱"
2025-07-17,"강스템바이오텍 A217730 -유상증자에 오히려 지분 늘리는 최대주주, 골관절염 치료제 OSCA 2a상 본격 돌입 기대감
1상에서 압도적인 효과를 보여줬던 OSCA, 2a상에 고개 드는 기대감
퓨어스템 AD주 임상연구 MOU 체결",,,1474,"밸류파인더
이충헌"
2025-07-17,"삼성SDI A006400 -어려운 대외환경 지속
불확실성 확대 구간
2Q Preview: EV 배터리 부진 심화 및 ESS 둔화 등으로 컨센서스 하회",매수,230000,182500,"신한투자증권
이진명"
2025-07-17,"엠앤씨솔루션 A484870 -K2에서 유럽 직수출까지, 계속되는 밸류에이션 재평가
한화에어로스페이스, 현대로템, LIG넥스원, 한국항공우주 주요 고객사 확보
국내 방산 제어 부품 업체중 최대 규모 R&D 조직 구축 및 지속적 국산화 진행",,,186400,"지엘리서치
박창윤"
2025-07-17,"대양전기공업 A108380 -ESC센서 기대치 이상 고성장
성장모멘텀: 차량용 센서
2Q25 실적은 매출액 558억원(+11.7% yoy), 영업이익 51억원(+66.8% yoy, OPM 9.2%)을 전망",BUY,30000,24600,"LS증권
정홍식"
2025-07-17,"GS리테일 A007070 -2Q25 Preview: 터널 끝에는 소비쿠폰이
2Q25 Preview: 터널 끝에는 소비쿠폰이
민생지원금 사용처 지정으로 집객 회복 기대",BUY,21000,17550,"LS증권
오린아"
2025-07-17,"NICE인프라 A063570 -하반기 기대 요인이 많다
2Q25 Preview: 그래도 성장 진행형
2025년 하반기 기대 요인",BUY,7000,4780,"LS증권
정홍식"
2025-07-17,"PI첨단소재 A178920 -스마트폰 슬림화의 중심
2Q25 Preview: 수요 둔화로 추정치 하향 조정
슬림화 트렌드는 현재 진행형",BUY,26000,21400,"메리츠증권
양승수"
2025-07-17,"카카오페이 A377300 -오버슈팅 구간, 밸류에이션 재점검 필요
견조한 2분기 실적 vs. 과열된 밸류에이션
2Q25 Preview: 연결 영업이익 75억원(흑전 YoY) 추정",중립,,58900,"신한투자증권
임희연"
2025-07-17,"컴투스 A078340 -KBO의 흥행과 야구 게임의 동반 성장
견조한 야구 게임 매출 성장
부진한 2분기 실적 불가피",BUY,52000,41100,"NH투자증권
안재민"
2025-07-17,"와이지엔터테인먼트 A122870 -Ready to jump
2Q25 Preview: 영업이익 34억원(흑전 YoY) 추정
뛸 준비 끝",매수,110000,84900,"IBK투자증권
김유혁"
2025-07-17,"HL D&I A014790 -다시 시작된 자체사업
2Q25 Preview: 영업이익, 시장 기대치 상회 예상
다시 시작된 자체사업",BUY,3800,2770,"한화투자증권
송유림"
2025-07-17,"LS에코에너지 A229640 -2Q25 실적 Big Surprise 전망
2Q25 영업이익, yoy 대호조 & 컨센서스 전망치 대폭 초과 전망
해저케이블 사업, 베트남-싱가포르 PJT 의미 있는 한 걸음 내딛음",BUY,48000,35350,"LS증권
성종화"
2025-07-17,"아이센스 A099190 -대장정을 위한
송도 2공장 탐방 후기
송도 2공장 증축으로 CGM 연간 CAPA 200만개 확보",BUY,26000,18810,"다올투자증권
박종현"
2025-07-17,"엔씨소프트 A036570 -쉴 틈 없는 하반기
2Q25 Preview: 영업이익 42 억원으로 컨센서스 하회 전망
<아이온 2>, 높아지는 기대감",매수,250000,209500,"SK증권
남효지"
2025-07-17,"오리온 A271560 -주가는 싸다
6월 실적 아쉽지만, 밸류에이션 부담은 낮아
전세계적인 소비 둔화. 러시아 제외한 국내, 중국, 베트남 부진",매수,145000,114700,"IBK투자증권
김태현"
2025-07-17,"솔브레인 A357780 -2026년 풍부해지는 모멘텀
2Q25 Preview
인수로 상저하고 완성, 2026 년 풍부해지는 모멘텀",매수,250000,210500,"SK증권
이동주"
2025-07-17,"CJ대한통운 A000120 -2Q25 Preview: 하반기는 다르다
영업이익은 전분기대비 30% 증가하나 컨센서스는 8% 하회할 것
이미 지나간 2분기보다 앞으로의 정책 관련 모멘텀이 더 중요",매수,130000,92300,"한국투자증권
최고운"
2025-07-17,"셀트리온 A068270 -2Q25 Preview: 하반기 성장 도시락 다 쌌어요~
2Q25 실적 컨센서스 부합 예상
하반기에는 모멘텀도 실적도 챙길 준비 완료",BUY,230000,180300,"현대차증권
여노래"
2025-07-17,"CJ제일제당 A097950 -하반기 원합니다 내가 살기 위해서
2Q25 매출액 7.3조원(+1%qoq, +0%yoy), 영업이익 3,444억원(+3%qoq, -10%yoy)으로 컨센서스 하회 전망
국내식품은 내수 소비 둔화로 가공·소재식품 모두 부진했을 전망",BUY,308000,254500,"유진투자증권
김진우"
2025-07-17,"대한항공 A003490 -[NDR후기] 첫번째 레슨, 좋은 건 같이 알기
2Q25 Review: 비수기 Yield 선방
항공우주 사업: 소리없이 성장 중",BUY,37000,25950,"LS증권
이재혁"
2025-07-17,"LX홀딩스 A383800 -우량한 재무구조, 안정적 증익, 배당 상향 가능성
투자의견 BUY 유지, TP 11,700원으로 상향
순현금 상태의 재무구조",BUY,11700,9220,"현대차증권
김한이"
2025-07-17,"이글루 A067920 -제로 트러스트 가시성 & 자동화 솔루션 공공부문 내 M/S 1위
기업개요: 정보 보안관제 솔루션 및 관제 서비스 공급
실적 동향",Not Rated,,5700,"LS증권
정우성"
2025-07-17,"코미코 A183300 -국내 & 미국 법인 가동률 상승세
2Q25 Preview
국내와 미국 법인의 턴 + 미코세라믹스 성장세 지속",매수,90000,65200,"SK증권
이동주"
2025-07-17,"선진 A136490 -영업이익의 규모가 시가총액에 반영되기 시작
2025년 매출액 1.8조원 영업이익 1,595억원 예상, 각각 전년 비 6.3%, 28.6% 성장 전망
한 해 영업으로 시가 총액의 절반 회수 가능",Not Rated,,14820,"유진투자증권
허준서"
2025-07-17,"지니언스 A263860 -정부가 찍어준 정답, EDR
B2B 보안 소프트웨어 전문 기업
지정학적 리스크 확대와 생성형 AI의 확산 모두 수혜가 될 것",Not Rated,,21950,"신영증권
정원석"
2025-07-17,"한국항공우주 A047810 -점점 좋아질 수 밖에
2Q25 Preview- 컨센서스 소폭 상회
계속되는 수주 모멘텀, 쌓이고 있는 잠재국가들",BUY,110000,90400,"DB증권
서재호"
2025-07-17,"셀트리온 A068270 -하반기 이익 성장 모멘텀 유효
2Q25 Preview: 컨센서스 부합 예상
비용 효율화와 고마진 BS 제품 매출 확대 기대감",BUY,210000,180300,"흥국증권
이지원"
2025-07-17,"미래에셋증권 A006800 -2Q25 Preview: 실적은 양호하겠지만
2Q25E 연결기준 영업이익 3,637억원, 지배순이익 2,822억원으로 컨센서스에 대체로 부합 전망",HOLD,20000,20700,"다올투자증권
김지원"
2025-07-17,"씨어스테크놀로지 A458870 -포텐 폭발
싱크 매출 호조에 따라 2025E 실적 추정치 상향
2025E 미국/중동 진출 예정으로 국내 의료 AI 기업 중 관심 종목으로 제시",Not Rated,,32200,"다올투자증권
박종현"
2025-07-17,"한국금융지주 A071050 -2Q25 Preview: 상승열력 남아있는 밸류
2Q25E 연결기준 영업이익 4,975억원, 지배순이익 3,910억원으로 컨센서스 대비 +5.8% 상회 전망",BUY,190000,148900,"다올투자증권
김지원"
2025-07-17,"NH투자증권 A005940 -2Q25 Preview: IB 기반 무난한 이익 기대
2Q25E 연결기준 영업이익 2,995억원, 지배순이익 2,210억원으로 컨센서스에 대체로 부합 전망",HOLD,24000,21750,"다올투자증권
김지원"
2025-07-17,"삼성증권 A016360 -2Q25 Preview: 리테일 기반 무난한 이익 기대
2Q25E 연결기준 영업이익 3,257억원, 지배순이익 2,409억원으로 컨센서스에 대체로 부합 전망",HOLD,83000,74600,"다올투자증권
김지원"
2025-07-17,"키움증권 A039490 -2Q25 Preview: 리테일 강자에 유리했던 환경
2Q25E 연결기준 영업이익 3,754억원, 지배순이익 2,797억원으로 컨센서스 대비 +6.3% 상회 전망",BUY,300000,230000,"다올투자증권
김지원"
2025-07-17,"HD현대미포 A010620 -2Q25 Pre: 베트남과 중형 가스선이 이끌어 갈 실적
2Q25 컨센서스 상회 전망
2027년까지 안정적으로 수익성 개선",매수,230000,200000,"IBK투자증권
오지훈"
2025-07-17,"한화오션 A042660 -2Q25 Pre: 전화위복
2Q25 컨센서스 소폭 상회 전망
전화위복 포인트 세 가지",매수,98000,80400,"IBK투자증권
오지훈"
2025-07-17,"HD현대중공업 A329180 -2Q25 Pre: 2년 전 VLAC들 기억나시죠?
2Q25 컨센서스 소폭 상회 전망
2023년 이후 수주한 LNGc, VLAC, 컨테이너선이 한꺼번에 몰려온다",매수,530000,405500,"IBK투자증권
오지훈"
2025-07-17,"삼성중공업 A010140 -2Q25 Pre: 빌드업 끝. 퍼포먼스 시작
2Q25 컨센서스 상회 전망
하반기 FLNG도 좋아지지만 상선에서 더 가파른 믹스 개선 전망",매수,27000,18790,"IBK투자증권
오지훈"
2025-07-17,"라온테크 A232680 -반도체 진공 로봇으로 도약
웨이퍼 이송 솔루션 전문기업
핵심 기술이 집약된 진공 로봇 솔루션",Not Rated,,7520,"유화증권
고승범"
2025-07-17,"휴젤 A145020 -미국향 선적 시기가 달라질 뿐, 변함 없는 실적 개선 모멘텀
2Q25E Preview: 영업이익 516억원 시장 컨센서스 하회 전망",BUY,440000,359500,"DB증권
김지은"
2025-07-17,"파마리서치 A214450 -2분기 실적도 컨센서스 상회 전망
2Q25E Preview: 영업이익 549억원 시장 컨센서스 상회 전망",BUY,700000,567000,"DB증권
김지은"
2025-07-17,"메디톡스 A086900 -법률 비용 감소 전망, 이익 턴어라운드 구간 돌입
2Q25E Preview: 영업이익 106억원 시장 컨센서스 하회 전망",BUY,200000,163000,"DB증권
김지은"
2025-07-17,"종근당 A185750 -Growing Pains Will Pass; R&D Hopes Intact
2Q25 preview: Growing pains will pass
Reason for R&D hopes",BUY,110000,87300,"KB증권
김혜민"
2025-07-17,"삼성SDI A006400 -Challenging conditions persist
Mounting uncertainties
2Q25 to fall short due to weak earnings from EV & ESS batteries",매수,230000,182500,"신한투자증권
이진명"
2025-07-17,"이노션 A214320 -불확실성 속 선방 기대
2Q25 실적은 시장 기대치 부합 추정
자회사 실적 개선세가 지속되는 가운데 비계열 물량 증대 전망",BUY,28000,20700,"한화투자증권
김소혜"
2025-07-17,"한국타이어앤테크놀로지 A161390 -오래 기다렸던 주주 환원이 시작된다
견조한 실적과 전기차 타이어 부분에서 Top-tier로 성장 가능성에도, 시너지 여부가 불투명한 한온시스템을 M&A하면서, 지난 1년간 최악의 Valuation을 기록
관세 영향이 시작되었으나, 가격 인상으로 상쇄 가능. 2분기 실적발표에서 주주 환원 정책 발표 기대",BUY,60000,46350,"삼성증권
임은영"
2025-07-17,"보성파워텍 A006910 -기술분석보고서
다양한 전력기자재 생산
2030년까지 연평균 성장률(CAGR) 5.4%로 예측",,,3225,한국IR협의회(기술분석보고서)
2025-07-18,"롯데케미칼 A011170 -To post weaker-than-expected 2Q results
2Qresults to fall short
Restructuring to offer limited short-term benefits",HOLD,71000,66000,"삼성증권
조현렬"
2025-07-18,"OCI홀딩스 A010060 -2Q25 Preview: 일시적인 수익성 하락
2Q25 Preview: 폴리실리콘 사업 적자 예상
장기 성장을 위한 과감한 투자: 반도체용 폴리실리콘 신증설",BUY,112000,89500,"상상인증권
백영찬"
2025-07-18,"SK이노베이션 A096770 -2Q25 preview - 정유 부진 vs 배터리 개선
2Q25 preview, 시장 기대치 하회 전망
정유 부문",BUY,130000,113500,"삼성증권
조현렬"
2025-07-18,"현대건설 A000720 -실적의 시간이 끝나고 다시 원전의 시간
투자의견 Buy, 목표주가 110,000원 업종 최선호주
2Q25 Review: 시장 기대치 부합",,,70900,"KB증권
장문준"
2025-07-18,"대양전기공업 A108380 -2분기 실적도 All Green
지속될 성장세
센서 사업부 성장에 주목",매수,33000,24600,"IBK투자증권
이건재"
2025-07-18,"ISC A095340 -2분기 양호한 실적 기록 전망
2Q25 Preview: 순조로운 실적 회복
하반기 양호한 실적 흐름과 모멘텀 지속",BUY,76000,61500,"하나증권
김민경"
2025-07-18,"이노션 A214320 -밤낚시. 영화인줄? 광고야!
2Q25 GP 2.4천억원(+3% yoy), OP 372억원(+2% yoy) 전망
PV5, 아이오닉6 FL, 넥소 FMC 등 신차 마케팅과 자회사 실적 개선",BUY,30500,20700,"대신증권
김회재"
2025-07-18,"HK이노엔 A195940 -2분기는 흐림, 하반기는 맑음
2Q25 Preview: 음료의 배신
케이캡 미국 허가신청과 신규 품목 도입에 성장 기대감 커질 것",매수,61000,44000,"신영증권
정유경"
2025-07-18,"녹십자 A006280 -2분기 모든게 좋을 전망
2분기 시장기대치 상회
상반기 잘해왔고 하반기는 추정치 상향 가능성 높아",BUY,180000,153500,"DB증권
이명선"
2025-07-18,"하이트진로 A000080 -2Q25 Preview: 쉽지 않았던 2분기
영업이익 컨센서스 소폭 하회
가격 인상 효과 반영은 하반기에",매수,29000,21450,"한국투자증권
강은지"
2025-07-18,"롯데칠성 A005300 -2Q25 Preview: 원가 부담 해소 가시화
2분기 실적은 컨센서스에 부합할 전망
점진적으로 회복될 수익성",매수,160000,137700,"한국투자증권
강은지"
2025-07-18,"금호석유화학 A011780 -2Q25 Preview: 2분기 우려로 주가 못 오른 게 기회
영업이익은 관세 불확실성과 정기보수 영향으로 부진할 전망
합성고무 수급 개선에 따라 턴어라운드는 바로 3분기부터",매수,170000,126300,"한국투자증권
최고운"
2025-07-18,"한화시스템 A272210 -2Q25 Preview: 방산과 조선, 두가지의 성장 동력 확보
영업이익 컨센서스 하회
빨라지는 방산 본업 성장 속도",매수,68000,55700,"한국투자증권
장남현"
2025-07-18,"현대백화점 A069960 -내수 회복과 인바운드 모멘텀까지
2분기 영업이익 786억원(YoY -29%) 전망
우호적인 백화점 업황",BUY,100000,79700,"하나증권
서현정"
2025-07-18,"덕산네오룩스 A213420 -Black PDL이 바꿀 기업 가치
2Q25 실적은 일부 이연 영향으로 기대치 하회 예상
폴더블 스마트폰 및 IT OLED 시장 확대의 최대 수혜",BUY,63000,40150,"키움증권
김소원"
2025-07-18,"엘앤에프 A066970 -K-LFP의 리더로 부각
투자의견 Buy, 목표주가 80,000원 유지
모델Y 주니퍼 인도 본격화로 양극재 출하량 2Q +55% QoQ → 3Q +45% QoQ 추정",BUY,80000,62200,"KB증권
이창민"
2025-07-18,"팬오션 A028670 -2Q25 Preview: 벌크 부진 속 LNG 고성장
2Q25 매출액 1조 3,777억원, 영업이익 1,213억원 전망
투자의견 BUY, 목표주가 5,000원 유지",BUY,5000,4210,"유안타증권
최지운"
2025-07-18,"포인트모바일 A318020 -IT기기에서 K-방산으로 뻗어나가는 포인트모바일
산업용 모바일 컴퓨터(PDA) 및 주변기기 개발 및 제조
T사와 군용 5G 무전기 공급 계약을 통한 방산 시장 진출 본격화",,,4805,"아리스
이재모"
2025-07-18,"에프엔씨엔터 A173940 -다국적 아티스트 중심의 글로벌 성장 기대
밴드 중심에서 다양한 분야로 확장한 종합 엔터테인먼트 기업
하반기, AxMxP 데뷔 예정",,,3940,"한국IR협의회(리서치센터)
채윤석"
2025-07-18,"한온시스템 A018880 -시간이 좀 더 필요하다
2Q25 Preview
쉽지 않은 2025년",BUY,3800,3220,"LS증권
이병근"
2025-07-18,"넷마블 A251270 -명백히 보이는 슈퍼사이클 진입가능성
2Q25 Preview: 세븐나이츠 리버스 대흥행이 만들 서프라이즈
3Q부터 쏟아지는 신작러쉬, 슈퍼사이클 진입전망",BUY,79000,61200,"DS투자증권
최승호"
2025-07-18,"SK텔레콤 A017670 -악재는 끝났다. 다만...
아쉬운 가입자 감소
관건은 배당",BUY,65000,56000,"NH투자증권
안재민"
2025-07-18,"젝시믹스 A337930 -K-애슬레저 선두주자 & 해외진출의 선구자
해외: 일본, 대만 찍고 중국
국내: 제품의 다양화, 고객의 다양화, 가격의 다양화",Not Rated,,6280,"유안타증권
권명준"
2025-07-18,"엠씨넥스 A097520 -인도 진출을 추진, 현대차와 동반 성장 예상
인도 생산법인 추진, 현대자동차와 모비스에 전장부품 공급 확대 예상
2Q25 매출과 영업이익은 각각 45%(yoy), 137%(yoy) 증가 추정",BUY,37000,28450,"대신증권
박강호"
2025-07-18,"네오위즈 A095660 -베이스 레벨 상향을 증명한 2분기
2분기, 최근 상향된 눈높이도 너무 낮다
단기 모멘텀 소멸되었으나 단단해진 펀더멘털에 대한 재평가 시기",BUY,29000,24650,"메리츠증권
이효진"
2025-07-18,"넷마블 A251270 -아는 맛의 무서움을 보여준 2분기
국내 집중된 신작 출시로 극강의 마케팅 효율 보여줄 2분기
국내 게임 업체에게 가장 쉬운 길, 좋은 실적 가져오나 밸류는 하락",HOLD,60000,61200,"메리츠증권
이효진"
2025-07-18,"유한양행 A000100 -2Q25 Pre: Lazcluze 순조롭게 침투 중
2Q25 Preview
투자의견 Buy, 적정주가 20만원 유지",BUY,200000,132000,"메리츠증권
김준영"
2025-07-18,"팬오션 A028670 -높아진 체력, 주주환원만 더 강화된다면
어려운 시황에도 이익 방어. 할인율 해소 위해서는 주주환원정책 요구
2분기: 시황을 고려, 벌크선 운용 선대 유지. 이익 레벨은 견조",BUY,5000,4210,"NH투자증권
정연승"
2025-07-18,"녹십자 A006280 -2Q25 Pre: 해외사업 구조적 성장으로 서프라이즈
2Q25 Preview: 해외사업부 구조적 성장으로 인한 서프라이즈 전망
구조적 턴어라운드 돌입의 해",BUY,200000,153500,"DS투자증권
김민정"
2025-07-18,"에스티팜 A237690 -2Q25 Preview: 영업이익 컨센서스 상회 전망
2분기 시장 기대치 큰 폭 상회할 전망
하반기 기대되는 이유",매수,112000,93900,"IBK투자증권
정이수"
2025-07-18,"유니드 A014830 -잠깐 낮춘 속도, 방향은 그대로
속도 조절 후 재가속 준비
2Q25 Preview: 환율 급락 & 염소 가격 부진으로 컨센서스 하회 예상",매수,120000,84800,"신한투자증권
김명주"
2025-07-18,"녹십자 A006280 -2Q25 Pre: 컨센 상회, 전 사업부 고른 성장
2Q25 Pre: 영업이익 컨센 19% 상회 호실적 기대
투자의견 매수, 목표주가 20 만원 유지",매수,200000,153500,"SK증권
이선경"
2025-07-18,"넷마블 A251270 -6개 분기 연속 서프라이즈 전망
컨센서스 뛰어넘는 폭발적 성장은 이제 시작, Top Pick
2Q25 Preview: 계속된 신작 성과로 6개 분기 연속 서프라이즈 전망",매수,82000,61200,"신한투자증권
강석오"
2025-07-18,"인텔리안테크 A189300 -탄력받는 평판형 안테나 매출 성장
2분기 매출액 777억원(+8.4%yoy), 영업이익 19억원(+112%yoy)으로 추정
더뎠던 원웹 서비스 지역 확대가 올해부터 가속화되면서 기납품됐던 평판형 안테나 재고 물량들이 빠르게 소진되기 시작함",BUY,61000,52100,"유진투자증권
정의훈"
2025-07-18,"넷마블 A251270 -2Q25 Preview: 참 좋다
2Q25E 연결 매출액은 7,298억원(-6.7% YoY, +17.0% QoQ), 영업이익은 917억원(-17.5% YoY, +84.5% QoQ) 예상. 매출액은 컨센서스에 부합하고 영업이익은 컨센서스에 상회할 전망
하반기에 기대작인 <일곱 개의 대죄: Origin>을 포함하여 6개의 신작 출시 예정. 신작에 따른 레버리지 효과가 확대됨에 따라 지속적인 호실적을 전망하며 선호주 유지",BUY,75000,61200,"다올투자증권
김혜영"
2025-07-18,"농심 A004370 -라면이 아직 안 끓어요
2Q25 Preview: 매출액 8,933억원(+0%qoq, +4%yoy), 영업이익 453억원(-19%qoq, +4%yoy)
국내: 경기 둔화에 따른 스낵·음료 중심의 역성장 전망",BUY,497000,410500,"유진투자증권
김진우"
2025-07-18,"현대이지웰 A090850 -국내 복지몰 1위 사업자
국내 선택적 복지제도의 선구자
탄탄한 수익 구조",Not Rated,,6390,"키움증권
김학준"
2025-07-18,"삼성E&A A028050 -2Q25 Preview: 매수 적기
영업이익은 컨센서스에 부합할 것
하반기부터 시작되는 증익, 2026년 영업이익 과소추정 가능성 높아",매수,33000,25600,"한국투자증권
강경태"
2025-07-18,"녹십자 A006280 -2Q25 Preview: 알리글로가 이끈다
2Q25 연결 매출액 4,945억원(+18.5% YoY, +28.8% QoQ), 영업이익 262억원(+48.6% YoY, +229.5% QoQ; OPM 5.3%)으로 추정
알리글로 매출 성장, 남반구 독감백신 매출 발생, 해외 헌터라제 처방 확대로 시장 기대치 상회 예상",BUY,200000,153500,"다올투자증권
이지수"
2025-07-18,"덕산네오룩스 A213420 -Foldable 외에도 모멘텀 다수
2분기 별도 매출액은 510억원(YoY -3%), 영업이익은 120억원(YoY +20%, OPM 23.5%)으로 당사의 기존 추정치와 컨센서스를 소폭 하회할 것으로 전망
M10R 판매 부진으로 인해 1H25 매출은 전년대비 YoY 15% 하락할 것으로 추정",BUY,53500,40150,"현대차증권
김종배"
2025-07-18,"엔씨소프트 A036570 -아이온 좋아하세요?
2분기 매출액 3,633억원(-1%yoy), 영업이익 66억원(-25%yoy)으로 컨센서스(59억원) 부합 전망
리니지M은 6월 진행된 8주년 이벤트 효과로 전분기 대비 소폭 증가한 일매출(13.2억원)를 전망함",BUY,250000,209500,"유진투자증권
정의훈"
2025-07-18,"파크시스템스 A140860 -2Q25 Preview: 모범적인 기술 선도 기업
2Q25 Preview: 양호한 실적 기록할 전망
신규 장비 모멘텀 유효",매수,340000,290000,"신영증권
박상욱"
2025-07-18,"현대코퍼레이션 A011760 -2Q25 Preview: 일시적 부침, 그러나 성장성 확대 지속
2Q25 연결 매출액 1조 7,601억원(+1.8% yoy, -5.2% qoq), 영업이익 332억원(-10.2% yoy, -10.2% qoq, OPM 1.9%)으로 컨센서스 하회 전망
철강부문은 미국의 관세 부과 영향으로 매출액 소폭 감소 추정",BUY,34000,26950,"현대차증권
신동현"
2025-07-18,"에스티팜 A237690 -2Q25 Preview: 올리고 효과 기대
2Q25 연결 매출액 682억원(+52.9% YoY, +30.1% QoQ), 영업이익 104억원(흑전 YoY, +910.6% QoQ)으로 추정
고마진 품목 비중 증가로 원가율 개선 및 비용 효율화 영향으로 시장 기대치 상회 전망",BUY,120000,93900,"다올투자증권
이지수"
2025-07-18,"파인엠텍 A441270 -이렇게 올랐는데 사도 돼요? 네.
파인엠텍은 폴더블 디스플레이 모듈용 백플레이트를 비롯한 정밀 기구 부품 제조 및 공급을 전문으로 하는 기업
26년 하반기로 예정된 애플 폴더블 스마트폰 출시를 앞두고 SCM 선정이 마무리되어 가는 중",Not Rated,,11350,"유진투자증권
이주형"
2025-07-18,"S-Oil A010950 -Oil-정제마진 하락 추세. '26년 샤힌프로젝트 수익성 확인 필요
2Q25 컨센서스를 하회하는 부진한 실적 기록 전망. 유가 하락 및 PX 약세가 원인
중동 정세 안정화 이후 정제마진은 약세 지속 중. 급격한 강세 가능성 낮음",MARKETPERFORM,67000,61900,"현대차증권
강동진"
2025-07-18,"산일전기 A062040 -실적 점프업의 서막
2Q25 Preview: 매출액 1,233억원, 영업이익 433억원
높아진 베이스와 미반영된 증설 효과",BUY,120000,95700,"흥국증권
박희철"
2025-07-18,"풍산 A103140 -구조적 성장의 정석
2Q25 컨센서스 부합 예상
구조적 성장의 정석",BUY,230000,160800,"DB증권
안회수"
2025-07-18,"삼성카드 A029780 -배당에 거는 기대
2Q25E 지배 순이익은 1,665억원(-10.0%YoY)으로 컨센서스를 -2.8% 하회할 것으로 예상한다
7월 DSR 3단계 강화에 따라 카드론 역시 스트레스 DSR 규제가 적용되면서 하반기 카드론 잔고 성장은 다소 둔화될 전망이다",BUY,65000,54700,"DB증권
나민욱"
2025-07-18,"네오위즈 A095660 -실적플레이로 의도치않게 넘어옴
2Q Preview: 출시, <쁘더2> 성수기
2026년, 웹보드/신작/IP파워 확대",BUY,34000,24650,"흥국증권
김지현"
2025-07-18,"카카오뱅크 A323410 -쉬어가는 분기, 향후 성장 동력 확인 필요
2Q25E 지배 순이익은 1,221억원(+1.6%YoY)으로 컨센서스를 -6.6% 하회할 것으로 예상한다
비이자이익의 경우 Fee & Platform 수익은 전분기 수준을 유지할 것으로 예상하나 운용 포트폴리오 비중 변경에 따라 운용 수익이 약 -50억원QoQ 감소함에 따라 -23.7%QoQ 감소할 것으로 예상한다",BUY,35000,29400,"DB증권
나민욱"
2025-07-18,"기업은행 A024110 -배당 분리과세 적용에 가장 가까운 은행
2Q25E 지배 순이익은 6,663억원(+9.6%YoY)으로 컨센서스를 -1.6% 하회할 것으로 예상한다
은행업종 중 배당 위주의 주주환원 정책을 시행 중으로 배당 분리과세 적용 가능성에 가장 가깝다",BUY,25000,20500,"DB증권
나민욱"
2025-07-18,"우리금융지주 A316140 -향후 보험사 편입 영향이 관건
2Q25E 지배 순이익은 8,354억원(-10.3%YoY)으로 컨센서스를 부합할 것으로 예상한다
2분기 CET1 자본비율은 원/달러 환율 하락에 따른 자본비율 상승 효과를 감안 시 약 12.7% 중반 수준으로 연말 목표치인 12.5%를 조기 달성할 것으로 예상한다",BUY,30000,24850,"DB증권
나민욱"
2025-07-18,"DL이앤씨 A375500 -2Q25 Preview: 실적 회복과 SMR은 순항 중
2Q25 Preview: 실적 회복과 SMR은 순항 중
투자의견 BUY 업종 차선호주, 목표주가 66,000원 유지",BUY,66000,49600,"교보증권
이상호"
2025-07-18,"하나금융지주 A086790 -키 맞추기
2Q25E 지배 순이익은 1.07조원(+3.0%YoY) 으로 컨센서스를 소폭 하회할 것으로 예상한다
원/달러 환율 하락에 따라 2분기 CET1 자본비율은 13.5% 수준을 달성할 것으로 예상한다",BUY,113000,91500,"DB증권
나민욱"
2025-07-18,"신한지주 A055550 -빨라지는 주주환원 속도
2Q25E 지배 순이익은 1.48조원(+3.6%YoY)으로 컨센서스를 소폭 상회할 것으로 예상한다
경쟁사가 예상보다 빠른 시점에 주주환원율 50%를 초과 달성할 것으로 예상됨에 따라 올해 주주환원율 상향 여지가 높다",BUY,89000,68900,"DB증권
나민욱"
2025-07-18,"HL만도 A204320 -2Q25 Preview: 견고한 실적 증명
2Q25 Preview: 예상외의 견고함
투자포인트는 견고, 추가적인 고객사 확장 기대도 가능",BUY,53000,35000,"교보증권
김광식"
2025-07-18,"KB금융 A105560 -업권 최고 수준의 주주환원율 기대
2Q25E 지배 순이익은 1.65조원(-4.6%YoY)으로 컨센서스를 소폭 상회할 것으로 예상한다
2분기 CET1 자본비율 중 13.5% 초과분은 하반기 자사주 매입 재원으로 활용한다",BUY,141000,113400,"DB증권
나민욱"
2025-07-18,"와이지엔터테인먼트 A122870 -기대되는 파급효과
2Q25 Preview: 컨센서스 하회 전망
강력한 실적 사이클 도래",BUY,120000,84900,"메리츠증권
김민영"
2025-07-18,"엘앤에프 A066970 -Emerging as Leader in K-LFP
Maintain BUY and TP of KRW80,000
2Q/3Q25E cathode material shipments up +55%/+45% as Model Y Juniper deliveries begin",BUY,80000,62200,"KB증권
이창민"
2025-07-18,"한온시스템 A018880 -Weathering tough times
2Q25 preview
2025 a challenging year",BUY,3800,3220,"LS증권
이병근"
2025-07-18,"롯데케미칼 A011170 -2Q25 preview - 예상보다 부진할 실적
2Q 영업이익은 -1,981억원(-715억원QoQ)으로 컨센서스(-1,437억원) 하회 전망
올레핀/LC Titan 이익 회복 지연과 LC USA 일회성 비용 발생에 기인",HOLD,71000,66000,"삼성증권
조현렬"
2025-07-18,"넷마블 A251270 -Set to deliver sixth consecutive earnings surprise
Explosive earnings growth just starting for sector top pick
2Q preview: Set to deliver sixth earnings surprise driven by new games",매수,82000,61200,"신한투자증권
강석오"
2025-07-18,"삼양식품 A003230 -저성장ㆍ저P/E보다 고성장ㆍ고P/E가 낫다
이건 사실 서프라이즈
저성장ㆍ저P/E보다 고성장ㆍ고P/E가 낫다",BUY,1700000,1402000,"한화투자증권
한유정"
2025-07-18,"녹십자 A006280 -관세 불확실성 해소, 알리글로 기반 실적+밸류 성장 기대
2Q25 preview: 알리글로 처방 확대 본격화, 혈액 제제 안정적 성장, 백신, 헌터라제 견고한 해외 수출 등으로 호실적 기대감 유효",BUY,200000,153500,"삼성증권
서근희"
2025-07-18,"에스앤디 A260970 -오해세요
한국적인 매운맛과 감칠맛을 구현하는 식품소재 전문 기업
고객사의 성장과 함께 고성장 지속 전망",Not Rated,,112000,"한화투자증권
한유정"
2025-07-18,"팬오션 A028670 -2Q25 preview: LNG drives growth amid bulk weakness
2Q25 sales estimated at W1.38tn, OP at W121.3bn
Maintain BUY and target price of W5,000",BUY,5000,4210,"유안타증권
최지운"
2025-07-18,"현대건설 A000720 -2Q25 Review: 해외 현장 원가 부담 지속
해외부문 리스크 지속에도 수익성은 회복 중
투자의견 매수 및 목표주가 85,000원 유지",매수,85000,70900,"IBK투자증권
조정현"
