stock_code,stock_name,report_title,report_date,report_type,analyst_name,company_name,rating,opinion_change,target_price,target_price_change,investment_rationale
009150,삼성전기,2Q 실적 부진하나 글로벌 경쟁력은 확대 중~,25.06.16,기업 분석,박강호,대신증권,BUY,유지,180000,유지,"## 삼성전기 (009150)
박강호
kangho.park@daishin.com
투자의견
BUY
매수, 유지
6개월 목표주가
180,000
유지
현재주가
(25.06.16)
126,900
가전 및 전자부품업종
KOSPI
2946.66
시가총액
9,649십억원
시가총액비중
0.44%
자본금(보통주)
373십억원
52주 최고/최저
172,700원 / 105,600원
120일 평균거래대금
423억원
외국인지분율
32.69%
주요주주
삼성전자 외 5 인 23.82% 국민연금공단 10.63%
| 주가수익률(%)   |   1M |    3M |    6M |   12M |
|------------|------|-------|-------|-------|
| 절대수익률      |  3.5 |  -7.6 |  -0.5 | -16.3 |
| 상대수익률      | -7.7 | -19.6 | -15.9 | -21.7 |
<!-- image -->
## 2Q 실적 부진하나 글로벌 경쟁력은 확대 중~
-  2Q25 영업이익은 2,086억원(-1.4% yoy/4% qoq) 컨센서스 하회 전망
-  원달러 환율의 급락(5월, 6월)이 수익성에 부담
-  AI향 반도체 기판, 전장용 MLCC, 자율주행용 카메라 등 신성장 매출 확대
## 투자의견 매수(BUY) 및 목표주가 180,000원 유지
투자의견 매수(BUY) 및 목표주가 180,000원(2025년 목표P/E 19.6배(5개년 상단 평균) 적용) 유지. 2025년 2Q 영업이익은 2,086억원(4% qoq/-1.4% yoy)으로 종 전 추정(2,210억원)과 컨센서스(2,173억원)를 하회 예상, 매출은 2.71조원(-1.1% qoq/5.3% yoy)으로 컨센서스(2.74조원)를 부합 전망. 2Q25 실적이 종전대비 하 향된 배경은 원달러 환율의 급락이 주요인으로 분석
6/16까지 2Q25 원달러 평균환율은 1,407.2원으로 1Q대비 3.1% 하락한 상태이 나  월단위  평균으로  보면  4월  1,441원에서  5월  1,390.5원,  6월(16일  기준) 1,365.5원으로 급락이 마진율 하락에 반영. 원달러 결제 비중이 높고 매출 영향이 높은 2Q 후반에 환율 하락은 수익성에 부담으로 작용. 단기적으로 2Q 및 2025년 실적 하향과 미국의 관세 영향 관련한 불확실한 환경이 주가에 부담으로 작용
그러나 삼성전기의 포트폴리오는 성장 관점에서 긍정적으로 변화 판단 1) MLCC, 전장용/산업용 비중 확대 및 가동률 상승(80% 후반 추정)은 예상을 상회 2) FC BGA는 AI향 가속기 매출 시작, 서버 및 네트워크 비중 확대로 장기 경쟁력은 증 대 3) 신성장으로 추진한 유리기판은 적극적으로 진행, 애플 등 다수의 고객을 대 상으로 샘플 제공, 2027년 하반기에 양산, 매출 반영 예상
단기적인 실적 변화보다 미래 성장 방향으로 포트폴리오 변화에 주목할 시기로 판 단. 중장기 관점에서 비중확대 필요. 투자포인트는
## 신성장분야(전장용, AI향, 자율주행 및 휴머노이드향)로 매출 확대
1) 2025년 상반기, MLCC 가동률 상승 배경은 전장용 매출 증가가 예상을 상회. IT  기기향 매출 의존도 축소 과정에서 자율주행 및 전장용 MLCC 라인업이 고객 사가 요구한 고온/고전압, 고신뢰성 제품까지 확대되면서 전기자동차, 내연기관 업 체 대상으로 점유율 증가가 확대된 것으로 판단
2) 카메라모듈은 종전의 스마트폰에서 전기자동차 및 자율주행 영역으로 매출 다 각화가 진행, 또한 휴머노이드 시장 개화로 추가적인 수요 및 수주를 확보 중. 테 슬라가 자율주행인 로보택시 서비스 실시(2025년 6월) 관련하여 수혜가 예상. 카 메라모듈 및 FC BGA에서 추가 매출 예상
3) FC BGA는 AI향 가속기 영역 진출, 서버 및 데이터센터향 비중 확대가 진행 중. 또한 자율주행 반도체에 FC BGA 적용 확대로 신규 매출의 반영이 높아질 전망
(단위: 십억원, %)
| 구분   | 2Q24   | 1Q25   | 2Q25(F)   | 2Q25(F)   | 2Q25(F)   | 2Q25(F)   | 2Q25(F)   | 3Q25   | 3Q25   | 3Q25   |
|------|--------|--------|-----------|-----------|-----------|-----------|-----------|--------|--------|--------|
|      |        |        | 직전추정      | 당사추정      | YoY       | QoQ       | Consensus | 당사추정   | YoY    | QoQ    |
| 매출액  | 2,580  | 2,739  | 2,721     | 2,708     | 5.3       | -1.1      | 2,738     | 2,917  | 12.3   | 7.7    |
| 영업이익 | 208    | 201    | 221       | 209       | -1.4      | 4.0       | 217       | 246    | 6.2    | 17.9   |
| 순이익  | 172    | 134    | 181       | 175       | 1.3       | 30.6      | 188       | 210    | 82.5   | 20.4   |"
011070,LG이노텍,"2Q 부진, 길게 보자~",25.06.17,기업 분석,박강호,대신증권,BUY,유지,220000,유지,"## LG이노텍 (011070)
박강호
kangho.park@daishin.com
투자의견
BUY
매수, 유지
6개월 목표주가
220,000
하향
현재주가
(25.06.17)
143,800
가전 및 전자부품업종
KOSPI
2950.3
시가총액
3,403십억원
시가총액비중
0.15%
자본금(보통주)
118십억원
52주 최고/최저
302,000원 / 122,000원
120일 평균거래대금
261억원
외국인지분율
22.94%
주요주주
LG전자 외 1 인 40.79% 국민연금공단 8.43%
| 주가수익률(%)   |    1M |    3M |    6M |   12M |
|------------|-------|-------|-------|-------|
| 절대수익률      |  -2.5 |  -9.5 | -14.5 | -45   |
| 상대수익률      | -13.2 | -19.9 | -28.8 | -48.9 |
<!-- image -->
## 2Q 부진, 길게 보자~
-  2Q25 매출(3.8조원)과 영업이익(458억원)은 컨센서스 하회 전망
-  원달러 환율 하락, 2H25 아이폰17 판매 둔화 우려 반영
-  2026년 카메라모듈의 성장, FC BGA 매출 다각화 예상
## 투자의견 매수(BUY) 유지, 목표주가 220,000원으로 하향(15.4%)
투자의견은  매수(BUY)  유지하나  목표주가는  220,000원(2025년  주당순이익  X 목표 P/E 11.2배 적용)으로 종전대비 15.4% 하향. 2025년 2Q 영업이익은 458 억원(-63.4% qoq/-69.8% yoy)으로 종전 추정(740억원)과 컨센서스(720억원)을 하회  예상.  원달러  환율이  1Q25  1,452원에서  2Q(6/17까지)에  1,406.4원으로 3.1% 하락, 5월과 6월의 평균환율은 2Q 평균환율을 하회하면서 영업이익 감소 의 주요인으로 분석
추가로 애플의 아이폰 17 초기 생산 물량이 이전대비 낮아질 가능성을 예상( ① 트럼프 정부가 미국 판매 스마트폰에 25% 관세 부과 ② AI  솔루션(기존 시리와 통합)의 최적화가 예상대비 지연 가능성을 감안하면 2026년 하반기, 보수적인 생 산 전략이 예상. 2025년 하반기 영업이익도 종전대비 하향, 2025년 주당순이익 (EPS)을 종전대비 6.4% 하향. 다만 현주가는 저평가 밸류에이션 구간에 위치, 상 반기보다 하반기에 성수기(상저하고 이익 형태)를 고려하면 추가적인 주가 하락 예상보다 장기적인 관점에서 비중확대를 제시. 투자 포인트는
## 2026년 카메라모듈의 수량(Q) 증가 및 FC BGA 매출 다각화 전망
1) 2026년 애플이 라인업 추가(폴더블폰 모델 추가) 예상으로 카메라모듈의 양적 인 성장(Q&lt;수량&gt; 증가)으로 추가적인 매출을 전망. 또한 상반기와 하반기에 균형 적 생산이 현실화(상반기에 생산 모델 추가 전망)되면 고정비 부담 완화로 수익 성 개선이 기대
2) 2026년 신사업 추진인 FC BGA 매출이 본격화, 현재 칩셋 중심에서 PC CPU 및 서버, AI향으로 공급 및 거래선 다각화를 전망, 매출 확대 및 추가 거래선 확 보로 추가 투자도 2026년 하반기에 진행 가능성이 높다고 판단
## 2Q25 매출(3.8조원)과 영업이익(458억원)은 컨센서스 하회 전망
2025년 2Q, 전체 매출과 영업이익은 각각 3.80조원(-23.6% qoq/-16.5% yoy), 458억원(-63.4%  qoq/-69.8%  yoy)을  예상.  광학솔루션  매출은  2.9조원으로 29.9%(qoq) 감소(-21.2% yoy)로 추정, 1Q25에 선행 생산(미국 관세 대비한 아 이폰 16 추가 생산 및 아이폰16e 생산) 효과로 2Q 매출 둔화로 분석. 글로벌 스 마트폰 수요 약화로 반도체 기판도 예상대비 매출, 수익성 둔화 추정. 반면에 전 장부품은 전년대비 증가, 양호한 성장 추세는 긍정적으로 평가 요인
(단위: 십억원, %)
| 구분   | 2Q24   | 1Q25   | 2Q25(F)   | 2Q25(F)   | 2Q25(F)   | 2Q25(F)   | 2Q25(F)   | 3Q25   | 3Q25   | 3Q25   |
|------|--------|--------|-----------|-----------|-----------|-----------|-----------|--------|--------|--------|
|      |        |        | 직전추정      | 당사추정      | YoY       | QoQ       | Consensus | 당사추정   | YoY    | QoQ    |
| 매출액  | 4,555  | 4,983  | 3,961     | 3,805     | -16.5     | -23.6     | 3,918     | 5,809  | 2.2    | 52.7   |
| 영업이익 | 152    | 125    | 72        | 46        | -69.8     | -63.4     | 70        | 193    | 47.9   | 321.3  |
| 순이익  | 99     | 86     | 37        | 19        | -80.4     | -77.4     | 42        | 133    | 26.5   | 587.2  |"
066570,LG전자,"2Q 부진하나 체질 변화,저평가는 매력적!",25.06.18,기업 분석,박강호,대신증권,BUY,유지,115000,유지,"<!-- image -->
박강호
kangho.park@daishin.com
투자의견
BUY
매수, 유지
6개월 목표주가
115,000
하향
현재주가
(25.06.18)
73,800
가전 및 전자부품업종
KOSPI
2972.19
시가총액
12,711십억원
시가총액비중
0.57%
자본금(보통주)
818십억원
52주 최고/최저
113,900원 / 64,700원
120일 평균거래대금
385억원
외국인지분율
29.44%
주요주주
LG 외 2 인 35.11% 국민연금공단 7.48%
| 주가수익률(%)   |   1M |    3M |    6M |   12M |
|------------|------|-------|-------|-------|
| 절대수익률      |  3.5 |  -8.6 | -19.3 | -27.5 |
| 상대수익률      | -8.5 | -19.6 | -32.6 | -32.6 |
<!-- image -->
## 2Q 부진하나 체질 변화,저평가는 매력적!
-  2Q25 영업이익(연결 8,703억원 -27.3% yoy)은 컨센서스 하회 추정
-  TV 판매 부진으로 MS의 수익성 하락, 관세 영향은 일부 반영
-  단기적 변동성 존재하나 밸류에이션 저평가에 초점, 비중확대
## 투자의견 매수(BUY) 유지, 목표주가 115,000원으로 하향(4.2%)
투자의견은 매수(BUY) 유지하나 목표주가는 115,000원으로 하향(4.2%). 2Q25 영 업이익(연결)은 8,703억원(-27.3% yoy/-30.9% qoq)으로 종전 추정(9,520억원), 컨센서스(9,538억원)을  하회  전망.  LG전자만(별도)의  영업이익은  8,241억원으로 종전 추정(8,791억원)을 하회 추정, 전체 매출(연결)은 21.7조원(0.1% yoy/-4.5% qoq)으로 종전 추정(21.9조원)을 소폭 하회 예상. 2025년 주당순이익(EPS)을 종전 대비 4.8% 하향. 2Q25 실적 부진의 배경은
2Q25에 MS(TV 등) 사업이 부진, 글로벌 TV 판매가 예상을 하회, LCD 패널 등 원가 상승으로 영업이익률은 하락, 글로벌 물가 상승 및 관세 영향(선제적인 재고 확대가 1Q25반영, 2Q에 둔화)이 가전(HS)에 부담. 그러나 밸류에이션의 저평가 구간 및 B2B 확대, HVAC 등 신사업 강화 속에서 프리미엄 제품 경쟁력은 확대 중으로 판단. 2025년 하반기에 관세 영향이 최소화된 결과(실적)을 보이면 주가의 레벨업, 재평가를 예상, 투자포인트는
1) 밸류에이션 매력이 높음. 2025년 P/B 0.57배, P/E 6.3배이며, 역사적 저점 및 글로벌 경쟁사대비 낮은 수준. 관세 영향이 우려(컨센서스) 이상으로 주가에 반영. 2Q 실적 부진이 추가적인 주가 하락으로 연결보다, 향후에 반등 요인에 더 주목할 시기로 판단. 주가 변동성을 예상하나 중장기 관점에서 비중확대 유지
2)  단기적으로 관세 영향은 존재하나 각 사업이 추진 중인 포트폴리오 변화(HS: 구독가전 전환, MS: 웹OS 확대, ES: HVAC 등 B2B 강화, VS: 인포테인먼트 경 쟁력이 전기차 부품(마그나)까지 확대 등)가 중장기적으로 차별화된 성장에 기여, 또한 상고하저의 수익성 형태를 축소, 밸류에이션 상향의 근거로 작용 전망
3) 2025년 4Q에 인도법인의 IPO 추진 예상, 유입된 현금을 기반으로 주주가치 확 대, 신성장 사업의 강화에 투자를 예상, B2B 및 신성장 포트폴리오 경쟁력 확대, 지속 기업으로 성장을 예상
## 2Q25 영업이익은 0.87조원 추정 : MS가 매출, 이익 부진 전망
2025년 2Q 매출과 영업이익은 각각 21.7조원(0.1% yoy/-4.5% qoq), 8,703억원 (-27.3%  yoy/-30.9%  qoq)으로  추정.  영업이익률은 HS 7.9%, MS -1.5%, VS 2.2%, ES 10.1%로 추정. 관세 영향 및 TV, 에어컨(B2C)의 판매 부진으로 종전 추 정대비 수익성이 둔화 전망
(단위: 십억원, %)
| 구분   | 2Q24   | 1Q25   | 2Q25(F)   | 2Q25(F)   | 2Q25(F)   | 2Q25(F)   | 2Q25(F)   | 3Q25   | 3Q25   | 3Q25   |
|------|--------|--------|-----------|-----------|-----------|-----------|-----------|--------|--------|--------|
|      |        |        | 직전추정      | 당사추정      | YoY       | QoQ       | Consensus | 당사추정   | YoY    | QoQ    |
| 매출액  | 21,694 | 22,740 | 21,941    | 21,715    | 0.1       | -4.5      | 21,708    | 23,436 | 5.7    | 7.9    |
| 영업이익 | 1,196  | 1,259  | 952       | 870       | -27.3     | -30.9     | 954       | 869    | 15.4   | -0.2   |
| 순이익  | 559    | 799    | 465       | 413       | -26.1     | -48.3     | 378       | 510    | 949.0  | 23.4   |"
000660,SK 하이닉스,새로운 역사의 시작,25.06.16,기업 분석,류형근,대신증권,BUY,,300000,유지,"## SK 하이닉스 (000660)
<!-- image -->
류형근
hyungkeun.ryu@daishin.com
투자의견
BUY
매수, 유지
6개월
목표주가
300,000
상향
현재주가
(25.06.16)
249,000
반도체업종
KOSPI
2,950.30
시가총액
181,273십억원
시가총액비중
8.20%
자본금(보통주)
3,658십억원
52주 최고/최저
249,000원 / 152,800원
120일 평균거래대금
7,330억원
외국인지분율
55.42%
주요주주
에스케이스퀘어 외 7 인 20.07% 국민연금공단 7.35%
| 주가수익률(%)   |   1M |   3M |   6M |   12M |
|------------|------|------|------|-------|
| 절대수익률      | 21.8 | 20.9 | 35.3 |  11.7 |
| 상대수익률      |  8.4 |  7   | 12.7 |   3.9 |
<!-- image -->
## 새로운 역사의 시작
-  2Q25 실적 전망 상향. DRAM 출하는 가이던스를 상회할 것.
-  HBM 시장 우위 지속. HBM4 내 최대 점유율 확보 예상.
-  목표주가를 280,000원에서 300,000원으로 상향. 매수의견 유지.
## 2Q25 실적 전망 상향
제품 출하 비중이 높은 6월의 환율 약세 속에서도 컨센서스 (영업이익 기 준 8.8조원)를 상회하는 실적을 기록할 것으로 전망. DRAM 판매 강세 효 과 (전분기 대비 21% 성장 전망)가 환율 약세 영향을 상쇄. 당사 2Q25 영 업이익 전망치를 8.8조원에서 9.0조원으로 상향.
## 투자전략
주가는 전고점을 돌파했고, 시장의 관심은 추가 상승 가능성에 집중될 것. 한번 잡은 AI 제품 리더십은 쉽게 꺾이기 어렵고, 기술 리더십을 기반으로 주요 거래선과의 협업도 강화. HBM4에서도 선도적 점유율 확보 가능할 것으로 전망. HBM4의 경우, 초기 가격은 기존 시장 예상 대비 낮게 형성 될 수 있으나, 타이트한 수급 환경을 감안 시, 추가 상승 가능성 유효.
Commodity 사이클도 안정화 예상. 중국의 진입 Risk를 줄이기 위한 기존 공급업계의 전략적 노선 변화가 지속. 제품, 생산 단의 선단화를 통해 격 차를 지속 유지해가겠다는 전략이며, 수요가 견조한 제품에 한정된 차별적 Capex 집행으로 수요의 변화에 보다 유연하게 대응해갈 것으로 전망.
아직 파티는 끝나지 않았다고 생각. 목표주가를 280,000원에서 300,000 원으로 상향 (BPS: 2025년 예상 BPS에서 2025-2026년 평균 BPS로 변 경)하고, 매수의견 유지.
## 영업실적 및 주요 투자지표
(단위: 십억원, 원 , 배, %)
|         | 2023A   | 2024A   | 2025F   | 2026F   | 2027F   |
|---------|---------|---------|---------|---------|---------|
| 매출액     | 32,766  | 66,193  | 85,036  | 98,206  | 106,449 |
| 영업이익    | -7,730  | 23,467  | 37,149  | 40,018  | 38,793  |
| 세전순이익   | -11,658 | 23,885  | 39,338  | 41,373  | 40,569  |
| 총당기순이익  | -9,138  | 19,797  | 30,638  | 30,616  | 29,616  |
| 지배지분순이익 | -9,112  | 19,789  | 30,637  | 30,621  | 29,615  |
| EPS     | -12,517 | 27,182  | 42,084  | 42,062  | 40,679  |
| PER     | NA      | 6.4     | 4.7     | 4.7     | 4.9     |
| BPS     | 73,495  | 101,515 | 141,859 | 182,434 | 221,713 |
| PBR     | 1.9     | 1.7     | 1.8     | 1.4     | 1.1     |
| ROE     | -15.6   | 31.1    | 34.6    | 25.9    | 20.1    |
주: EPS와 BPS, ROE는 지배지분 기준으로 산출"
005930,삼성전자,0.9 배는 싸다,25.06.17,기업 분석,류형근,대신증권,BUY,,74000,유지,"## 삼성전자 (005930)
류형근
hyungkeun.ryu@daishin.com
투자의견
BUY 매수 , 유지 74,000 유지 58,100
6 개월
목표주가
현재주가
(25.06.17)
반도체업종
<!-- image -->
KOSPI
2,950.30
시가총액
383,098 십억원
시가총액비중
17.33%
자본금 ( 보통주 )
773 십억원
52 주 최고 / 최저
87,800 원 / 49,900 원
120 일 평균거래대금
9,962 억원
외국인지분율
49.69%
주요주주
삼성생명보험 외 15 인 20.15%
국민연금공단 7.75%
| 주가수익률 (%)   |   1M |    3M |    6M |   12M |
|-------------|------|-------|-------|-------|
| 절대수익률       |  2.3 |   0.9 |   7.2 | -25.6 |
| 상대수익률       | -8.9 | -10.7 | -10.7 | -30.8 |
<!-- image -->
## 0.9 배는 싸다
-  상반기는 부진 . 단기 점유율보다 이익 체력 개선 중심으로 전략을 선회 .
-  3Q25 부터 기술과 판매가 점진적으로 정상화될 것으로 예상 .
-  목표주가 74,000 원과 매수의견 유지
## 투자전략
상반기는 실적 부진이 불가피 . 단기 점유율보다는 미래 이익 체력 개선 중 심으로 전략을 선회한 영향 . DDR4 조기 단종이 대표 사례 . 기술 경쟁력을 단기간에 회복시키는 것은 쉽지 않은 목표이나 , 3Q25 부터 시장은 개선의 시그널을 포착하기 시작할 것 . 그렇다면 , 현 주가 (12m Fwd P/B 기준 0.9 배에 거래 ) 수준에선 Risk 대비 Return 이 우세 . 목표주가와 매수의견 유지 .
1) 범용 DRAM: 주요 거래선향 DRAM 1b 제품 인증은 상반기에 대부분 완료 . 3Q25 부터 판매 기여가 본격화될 것 . 범용 DRAM 판매의 정상화 속 , 줄어든 판매 격차를 재차 벌려갈 기반을 마련해갈 수 있을 것이라 생각 .
2) NAND: AI 추론에 요구되는 제품 스펙을 맞추기 위한 노력이 선행 . 해 당 제품 양산에 필요한 공정 Upgrade 가 4Q25 내 완료 . Hybrid Bonding 을 적용한 V10 (428 단 추정 ) 개발도 계획대로 진행 중인 것으로 추정 .
3) HBM: 주요 북미 GPU 업체향 진입 지연 영향을 반영하여 2025 년 판매 전망치를 55 억 Gb 로 하향 . 다만 , 개선 기회는 존재 .  HBM3e 의 경우 ,  1 개 업체를 제외하고 , 진입에 성공 .  HBM4 도 비관적으로만 보긴 이른 시점 . Base Die 수율은 정상 궤도에 올라섰고 ,  Core Die 양산에 필요한 DRAM 1c 수율도 최근 개선세 . 2025 년 8 월 주요 거래선향 Sample 공급 , 연내 제 품 인증 완료 목표 . 그렇다면 , Timeline 상 크게 늦었다고 보긴 어려울 것 .
## 영업실적 및 주요 투자지표
( 단위 : 십억원 , 원 , 배 , %)
|         | 2023A   | 2024A   | 2025F   | 2026F   | 2027F   |
|---------|---------|---------|---------|---------|---------|
| 매출액     | 258,935 | 300,871 | 313,443 | 337,564 | 366,691 |
| 영업이익    | 6,567   | 32,726  | 31,340  | 45,389  | 59,967  |
| 세전순이익   | 11,006  | 37,530  | 37,942  | 50,063  | 65,048  |
| 총당기순이익  | 15,487  | 34,451  | 29,815  | 37,047  | 47,485  |
| 지배지분순이익 | 14,473  | 33,621  | 28,866  | 36,116  | 46,581  |
| EPS     | 2,131   | 4,950   | 4,281   | 5,362   | 6,916   |
| PER     | 36.8    | 10.7    | 13.3    | 10.6    | 8.2     |
| BPS     | 52,002  | 57,663  | 61,040  | 65,177  | 70,644  |
| PBR     | 1.5     | 0.9     | 1.0     | 0.9     | 0.8     |
| ROE     | 4.1     | 9.0     | 7.2     | 8.5     | 10.2    |
주 : EPS 와 BPS, ROE 는 지배지분 기준으로 산출 자료 : 삼성전자 , 대신증권 Research Center"
060720,KH바텍,폴더블폰시장개화에서힌지중요성확대 =&gt;자동차영역으로진출,24.06.18,기업 분석,,대신증권,매수,유지,15000,유지,"## KH바텍(060720)
## 폴더블폰시장개화에서힌지중요성확대 =&gt;자동차영역으로진출
-  투자의견매수(BUY)및목표주가15,000원유지
-  2025년 삼성전자의폴더블폰은슬림화,두번접는이중폴 드폰을출시할예정.폼팩터변화로폴더블폰의교체수요 를 자극. 2026년 애플이 폴더블폰에 진출하면 본격적인 교체수요(Bar형태에서폴더블로)가예상
-  힌지모듈은 폴더블폰 시장 확대(Q 증가) 속에 가격(P) 상승이동시에진행전망. 이중폴드(2개힌지사용)비중 증가로 평균공급단가가 상승. 또한 자동차용 롤러블 디스 플레이에힌지모듈사용,전장용매출확대전망
-  레인보우 로보틱스와 협력으로 협동로봇 부품 공급으로 휴머노이드시장에진출.또한LG에너지솔루션미국공장 과 2,656억원 규모의 전기차 배터리 부품(엔드플레이트) 공급계약체결등자동차부품사업에진출,모비스와롤러 블디스플레이용힌지모듈공급을포함하면사업다각화로 2028년까지연평균17%이상의성장을예상
- 주: EPS와 BPS, ROE는 지배지분 수치 기준
투자의견
BUY
( 유지 )
목표주가
15,000 원 ( 유지 )
현재주가
(24.06.18)
10,480 원
KOSPI
779.73
시가총액
248 십억원
시가총액비중
0.07%
자본금 ( 보통주 )
12 십억원
52 주최고 / 최저
13,800 원 / 7,550 원
120 일평균거래대금
30 억원
외국인지분율
8.12%
주요주주
남광희외 2 인 22.88%
| 주가수익률(%)   |   1M |   3M |   6M |   12M |
|------------|------|------|------|-------|
| 절대수익률      |  9.4 |  9.7 | 23.3 | -23.4 |
| 상대수익률      |  1.7 |  4.9 | 10.3 | -15.6 |
<!-- image -->
| (십억원, 원, %)   | 2023A   | 2024A   | 2025F   | 2026F   | 2027F   |
|---------------|---------|---------|---------|---------|---------|
| 매출액           | 364     | 311     | 391     | 440     | 526     |
| 영업이익          | 34      | 22      | 30      | 33      | 41      |
| 세전순이익         | 44      | 27      | 31      | 36      | 45      |
| 총당기순이익        | 31      | 21      | 29      | 30      | 37      |
| 지배지분순이익       | 31      | 21      | 29      | 30      | 37      |
| EPS           | 1,307   | 900     | 1,237   | 1,250   | 1,546   |
| PER           | 11.2    | 9.0     | 7.8     | 7.8     | 6.3     |
| BPS           | 10,484  | 11,131  | 12,064  | 13,012  | 14,256  |
| PBR           | 1.4     | 0.7     | 0.9     | 0.8     | 0.7     |
| ROE           | 12.9    | 8.3     | 10.7    | 10.0    | 11.3    |"
009150,삼성전기,"유리기판,휴머노이드등신사업의추진 /밸류에이션재평가",24.06.18,기업 분석,,대신증권,매수,유지,180000,유지,"## 삼성전기(009150)
## 유리기판,휴머노이드등신사업의추진 /밸류에이션재평가
-  투자의견매수(BUY)및목표주가180,000원유지
-  삼성전자와 협력으로 AI 시대 맞추어 유리기판 사업을 추진. 2027년 하반기에 양산화를 추진. 이미 유리기판의 시생산라인을구축,애플등글로벌반도체기업을대상으 로샘플제공.삼성전자는반도체양산공정에유리기판을 적용목표,관련업체와협력을모색,첨단패키징경쟁력을 높이는전략에서삼성전기가수혜예상
-  2026년 하반기, 양산화의 설비투자가 진행 전망, 초기에 AI 서버용 유리 코어 기판 추진 이후에 유리 인터포저영역 까지공급예정
-  2026년 자율주행과 휴머노이드 성장에 맞추어 MLCC, FC BGA, 카메라모듈의 응용처별 포트폴리오 다변화에 초점. 다수의 카메라를 채택 동시에 고화소 추구가 점진적 으로진행,모바일경험과솔루션을동시에제공.MLCC는 자율주행핵심인라이다(LiDAR) 시스템에 필요한 초소형 고전압MLCC개발,양산추진
- 주: EPS와 BPS, ROE는 지배지분 수치 기준
- 자료: 삼성전기, 대신증권 Research Center
투자의견
BUY
( 유지 )
목표주가
180,000 원 ( 유지 )
현재주가
(24.06.18)
133,000 원
KOSPI
2,972.19
시가총액
10,110 십억원
시가총액비중
0.46%
자본금 ( 보통주 )
373 십억원
52 주최고 / 최저
172,700 원 / 105,600 원
120 일평균거래대금
417 억원
외국인지분율
32.73%
주요주주
삼성전자외 5 인 23.82%
국민연금공단 10.63%
| 주가수익률(%)   |   1M |    3M |    6M |   12M |
|------------|------|-------|-------|-------|
| 절대수익률      |  8.5 |  -3   |   5.5 | -12.3 |
| 상대수익률      | -4.1 | -14.7 | -11.8 | -18.4 |
<!-- image -->
| (십억원, 원, %)   | 2023A   | 2024A   | 2025F   | 2026F   | 2027F   |
|---------------|---------|---------|---------|---------|---------|
| 매출액           | 8,892   | 10,294  | 11,252  | 12,062  | 13,032  |
| 영업이익          | 661     | 735     | 880     | 1,024   | 1,184   |
| 세전순이익         | 563     | 797     | 891     | 1,084   | 1,205   |
| 총당기순이익        | 450     | 703     | 730     | 889     | 988     |
| 지배지분순이익       | 423     | 679     | 710     | 871     | 968     |
| EPS           | 5,450   | 8,752   | 9,155   | 11,223  | 12,479  |
| PER           | 28.1    | 14.1    | 14.4    | 11.7    | 10.5    |
| BPS           | 101,129 | 113,261 | 120,921 | 130,654 | 141,647 |
| PBR           | 1.5     | 1.1     | 1.1     | 1.0     | 0.9     |
| ROE           | 5.5     | 8.2     | 7.8     | 8.9     | 9.2     |"
115180,큐리언트,영업실적 및 주요 투자지표,25.06.20,기업 분석,김아영,대신증권,NR,,,,"## 큐리언트 (115180)
김아영
ahyoung.kim@daishin.com
투자의견
N.R
6개월 목표주가
현재주가
(25.06.20)
11,990
스몰캡업종
KOSDAQ
791.53
시가총액
4,174억원
시가총액비중
0.11%
자본금(보통주)
58억원
52주 최고/최저
12,870원 / 3,295원
120일 평균거래대금
20억원
외국인지분율
2.42%
주요주주
동구바이오제약 11.71%
유암코키스톤구조혁신기업재무안정사모투 자 합자회사 6.68%
| 주가수익률(%)   |    1M |   3M |    6M |   12M |
|------------|-------|------|-------|-------|
| 절대수익률      |  -1.3 | 59.9 | 174.4 | 218.9 |
| 상대수익률      | -10.8 | 46.5 | 131.7 | 245.5 |
<!-- image -->
## 영업실적 및 주요 투자지표
(단위: 억원, 원 , %)
|         | 2020A   | 2021A   | 2022A   | 2023A   | 2024A   |
|---------|---------|---------|---------|---------|---------|
| 매출액     | 0       | 49      | 85      | 90      | 92      |
| 영업이익    | -210    | -242    | -275    | -232    | -275    |
| 세전순이익   | -208    | -239    | -271    | -222    | -245    |
| 총당기순이익  | -208    | -237    | -271    | -222    | -245    |
| 지배지분순이익 | -205    | -228    | -255    | -211    | -236    |
| EPS     | -2,366  | -2,575  | -2,719  | -1,105  | -792    |
| PER     | NA      | NA      | NA      | NA      | NA      |
| BPS     | 3,762   | 3,022   | 1,719   | 2,302   | 1,828   |
| PBR     | 6.3     | 7.0     | 7.0     | 5.2     | 6.6     |
| ROE     | -55.4   | -42.2   | -61.7   | -54.4   | -45.2   |
주: EPS와 BPS, ROE는 지배지분 기준으로 산출"
353200,대덕전자,이제 시작인가?,25.06.23,기업 분석,박강호,대신증권,BUY,유지,23000,유지,"## 대덕전자 (353200)
박강호
kangho.park@daishin.com
투자의견
BUY
매수, 유지
6개월 목표주가
23,000
상향
현재주가
(25.06.23)
16,540
가전 및 전자부품업종
KOSPI
3014.47
시가총액
834십억원
시가총액비중
0.04%
자본금(보통주)
25십억원
52주 최고/최저
24,900원 / 12,870원
120일 평균거래대금
72억원
외국인지분율
8.96%
주요주주
대덕 외 5 인 32.76% 국민연금공단 8.38%
| 주가수익률(%)   |   1M |    3M |    6M |   12M |
|------------|------|-------|-------|-------|
| 절대수익률      | 14.4 | -11.1 |   6.2 | -24   |
| 상대수익률      | -1.6 | -22   | -14   | -29.8 |
<!-- image -->
## 이제 시작인가?
-  2Q25 영업이익은 65억원(흑자전환 qoq)으로 컨센서스 부합 전망
-  신규 매출은 2Q25 AI향 MLB / 4Q 자율주행 칩향 FC BGA 예상
-  AI 및 방산(MLB) + 자율주행(FC BGA) + GDDR7(패키지) 매출 확대
## 투자의견 매수(BUY) 유지, 목표주가 23,000원 상향(15%)
6월(6.1~20)에 대덕전자의 주가 상승은 13%이며, 심텍 37%, 티엘비 29%, 해성 디에스 41%, 이수페타시스 21% 상승과 비교하면 상대적으로 약했던 것으로 평 가. 그러나 6월 하순 및 7월에 대덕전자 주가 상승이 다른 PCB 업체대비 높아질 수 있다고 판단. 투자의견은 매수(BUY) 유지하며 목표주가는 23,000원(Forward EPS X 목표 P/E 16.5배 적용, 성장기의 평균)으로 상향. 2025년 하반기 실적 회 복  과정에서  신규  거래선  확보  및  믹스  효과로  추가적인  수익성  개선을  기대. 2025년 주당순이익(EPS)을 종전대비 8.1% 상향 및 밸류에이션 상향에 근거. 투 자포인트는
## 2025년 2Q AI 가속기(MLB), 4Q 자율주행 칩(FC BGA)에 진출
1)  2025년  실적  개선을  전망, 영업이익은 2025년 1Q(-62억원) 저점으로 2Q에 65억원으로 흑자전환(qoq) 추정, 3Q(98억원) 개선의 확대 전망은 종전대로 진행, 연간으로 2024년 113억원에서 2025년 232억원, 2026년 867억원으로 증가 및 포트폴리오의 개선 효과로 추가적인 성장도 예상. 그동안 기대하였던 신규 매출 및 거래선 다변화가 2Q25에 시작, 매출에 반영, 3Q 이후에 믹스 효과로 수익성 개선이 확대될 가능성을 기대
2) AI 가속기향 MLB 매출이 2Q25에 신규로 약 45억원을 예상, 고객사의 신제품 출시로 3Q에 87억원으로 확대 등 2025년 실적 개선의 주요인으로 판단. 2025년 AI  가속기향 MLB 매출은 약 268억원(추정)에서 2026년 639억원으로 증가를 예 상, MLB 전체 매출은 2024년 1,225억원에서 2025년 1,837억원, 2026년 2,507 억원으로 증가 추정. 또한 방산 관련한 MLB 매출도 증가를 예상, 패키지(비메모 리)의 둔화를 상쇄하여 2025년 실적 개선의 토대 제공
3)  4Q25에 자율주행 칩 관련한 FC BGA 신규 매출이 52억원을 예상. 전체 FC BGA의 가동률 개선에 기여, 전장 매출 중 고부가 비중확대로 2026년 영업이익 증가에 주요인으로 판단. 2025년 하반기에 테슬라의 로보택시 서비스 시작 등 글 로벌 자율주행 관련한 자동차 수요 증가로 신규 매출인 자율주행 칩에 적용된 FC BGA 매출이 2026년 약 400억원으로 추정. 전체 FC BGA 가동률 개선에 기여 판 단
4) 엔비디아가 중국향 AI 반도체에 GDDR7 적용한 제품을 하반기에 출시하면 관 련 매출도 증가 전망. 레거시 메모리 출하량 증가 속에 GDDR7, DDR5(서버향) 매 출 확대, 비중 증가가 수익성 개선에 기여
(단위: 십억원, %)
| 구분   | 2Q24   | 1Q25   | 2Q25(F)   | 2Q25(F)   | 2Q25(F)   | 2Q25(F)   | 2Q25(F)   | 3Q25   | 3Q25   | 3Q25   |
|------|--------|--------|-----------|-----------|-----------|-----------|-----------|--------|--------|--------|
|      |        |        | 직전추정      | 당사추정      | YoY       | QoQ       | Consensus | 당사추정   | YoY    | QoQ    |
| 매출액  | 238    | 215    | 231       | 235       | -1.4      | 9.0       | 232       | 256    | 9.9    | 8.9    |
| 영업이익 | 11     | -6     | 6         | 6         | -40.5     | 흑전        | 5         | 10     | 6.7    | 51.7   |
| 순이익  | 12     | -6     | 8         | 9         | -27.2     | 흑전        | 8         | 11     | 120.8  | 28.3   |"
017670,SK텔레콤,김회재,25.06.23,기업 분석,투자의견,대신증권,BUY,유지,67000,유지,"## SK텔레콤 (017670)
## 김회재
hoijae.kim@daishin.com
투자의견
BUY
매수, 유지
6개월 목표주가
67,000
유지
현재주가
(25.06.23)
56,800
통신서비스업종
KOSPI
3103.64
시가총액
12,200십억원
시가총액비중
0.55%
자본금(보통주)
31십억원
52주 최고/최저
61,500원 / 50,700원
120일 평균거래대금
379억원
외국인지분율
39.97%
주요주주
SK 외 8 인 30.59% 국민연금공단 7.45%
| 주가수익률(%)   |   1M |    3M |    6M |   12M |
|------------|------|-------|-------|-------|
| 절대수익률      | 12   |   1.8 |   0   |   8.4 |
| 상대수익률      | -6.4 | -13.7 | -21.4 |  -3.4 |
<!-- image -->
## Issue &amp; News
## DC는 OK
-  SKT/SKB-AWS 하이퍼스케일급 AI DC 구축 추진
-  AI DC는 흔들림 없는 성장. 현재 100MW 수준, 30년 300MW 확보 전망
-  SKB 25E OP 4.1천억원(+17% yoy)
## 투자의견 매수(Buy), 목표주가 67,000원 유지
목표주가는  25E  EPS  5,173원에  PER  13배  적용.  최근  5년  통신업  평균(KT, LGU+ 기준)에 30% 할증 적용
## AI DC는 흔들림 없는 성장. 2030년 300MW 용량 확보 전망
SKT는 아마존 웹서비스(AWS) 및 SK그룹사들과 하이퍼스케일급 AI DC 구축 추진 총투자비용은 7조원 수준으로 알려짐. 지역은 울산. 27년 가동 목표
SKB가 DC 설계 및 구축. AWS는 AI 컴퓨팅 인프라에 투자하고 주고객이 될 전망 SK하이닉스의 HBM 기술, SKT와 SKB의 DC 역량 및 N/W 인프라, SK멀티유틸리 티와 SK가스의 에너지 등 SK그룹의 역량이 집결된 프로젝트
SKT는  25년부터  AI  매출을  본격적으로  창출할  계획이고,  24년  기준  AI  매출은 5.9천억원(+19% yoy), 전체 매출 대비 3.3% 수준
SKT의 AI 매출은 크게 AI DC, AI B2B, AI B2C로 구분되고, 가장 가시성이 좋은 사업인 AI DC의 경우는 1) 구독형 AI 클라우드 GPUaaS, 2) 소규모 Modular AI DC, 3) Dedicated AI DC, 4) 하이퍼스케일급 AI DC의 네 가지로 구분
이 중 하이퍼스케일급 AI DC에 해당하는 프로젝트가 이번 울산 프로젝트 SKB를  주축으로  프로젝트가  진행되고,  전체  투자금액  중  SKB의  투자는  기존 CAPEX(연평균 9천억원 수준) 내에서 집행될 것으로 전망
24년말 기준 SKB의 DC 용량은 100MW 수준이고 매출은 2.4천억원 27년 완공되는 이번 AI DC를 포함한 30년 DC 용량 목표는 300MW DC가 AI DC로 진화하면서 고부가가치를 창출하고 있기 때문에, 300MW 기준 매 출은 당사 추정 9.3천억원 수준 전망
SKB는 24년 매출 4.4조원, OP 3.5천억원(+13% yoy) 달성. 지난 5년간 연평균 이 익 성장률은 21%. 25E OP 4.1천억원(+17% yoy)
## 영업실적 및 주요 투자지표
(단위: 십억원, 원, %)
|         | 2023A   | 2024A   | 2025F   | 2026F   | 2027F   |
|---------|---------|---------|---------|---------|---------|
| 매출액     | 17,609  | 17,941  | 17,856  | 18,146  | 18,598  |
| 영업이익    | 1,753   | 1,823   | 1,901   | 2,123   | 2,397   |
| 세전순이익   | 1,488   | 1,762   | 1,602   | 1,783   | 2,043   |
| 총당기순이익  | 1,146   | 1,387   | 1,192   | 1,355   | 1,553   |
| 지배지분순이익 | 1,094   | 1,250   | 1,111   | 1,220   | 1,398   |
| EPS     | 4,997   | 5,810   | 5,173   | 5,678   | 6,518   |
| PER     | 10.0    | 9.5     | 10.1    | 9.2     | 8.0     |
| BPS     | 52,044  | 54,368  | 56,130  | 58,240  | 60,909  |
| PBR     | 1.0     | 1.0     | 1.0     | 1.0     | 0.9     |
| ROE     | 9.6     | 10.8    | 9.4     | 9.9     | 10.9    |
- 주: EPS와 BPS, ROE는 지배지분 기준으로 산출 / 자료: SK텔레콤, 대신증권 Research Center
<!-- image -->"
