title,author,date,stock_name,pdf_url,company
분위기 반전을 기대해도 좋습니다,한국IR협의회,2025-07-14,유니셈 (036200),btn_download_0,유니셈 (036200)
캡티브 채널과 자본력을 갖춘 드라마 제작사,한국IR협의회,2025-07-11,스튜디오드래곤 (253450),btn_download_1,스튜디오드래곤 (253450)
전원공급장치(SMPS) 전문기업,한국IR협의회,2025-07-11,동양이엔피 (079960),btn_download_2,동양이엔피 (079960)
제품 믹스 개선과 원가개선 효과 지속 전망,한국IR협의회,2025-07-11,원익머트리얼즈 (104830),btn_download_3,원익머트리얼즈 (104830)
자동화 공정 데이터 분석 AI 솔루션으로 스마트 제조 시장 공략 가속화,한국IR협의회,2025-07-10,유디엠텍(389680),btn_download_4,유디엠텍(389680)
인공지능과 빅데이터 융합을 통한 데이터 거버넌스 전문기업,한국IR협의회,2025-07-10,비투엔(307870),btn_download_5,비투엔(307870)
물 환경 인프라를 선도하는 종합 환경솔루션 전문기업,한국IR협의회,2025-07-10,뉴보텍(060260),btn_download_6,뉴보텍(060260)
자동차·방산 단조 부품 전문기업,한국IR협의회,2025-07-10,한일단조(024740),btn_download_7,한일단조(024740)
로봇 자율주행 솔루션 분야 강자,한국IR협의회,2025-07-09,클로봇 (466100),btn_download_8,클로봇 (466100)
"CareSens Air 이륙 준비 완료, 구조적 성장의 초입",한국IR협의회,2025-07-08,아이센스 (099190),btn_download_9,아이센스 (099190)
리얼타임 기술 고도화와 중장기 수익 구조 다변화,한국IR협의회,2025-07-08,자이언트스텝(289220),btn_download_10,자이언트스텝(289220)
하이니켈 전구체를 제조하는 충주의 향토기업,한국IR협의회,2025-07-04,이엠티 (232530),btn_download_11,이엠티 (232530)
"터널의 끝, 2025년 메탈파워인덕터가 견인할 턴어라운드",한국IR협의회,2025-07-04,아비코전자 (036010),btn_download_12,아비코전자 (036010)
Cisco를 주력으로 하는 네트워크 통합 업체,한국IR협의회,2025-07-04,오파스넷 (173130),btn_download_13,오파스넷 (173130)
NAND 가동률 회복 대기 중,한국IR협의회,2025-07-03,하나머티리얼즈 (166090),btn_download_14,하나머티리얼즈 (166090)
