commodity_name,price,change_rate,date,collected_at
WTI_원유,73.1500015258789,-2.375548875013046,2025-06-23 00:00:00-04:00,2025-06-24 00:31:00.586507
브렌트_원유,76.3499984741211,-0.8570362859383259,2025-06-23 00:00:00-04:00,2025-06-24 00:31:01.239351
금,3404.0,1.0658799116074833,2025-06-23 00:00:00-04:00,2025-06-24 00:31:01.905228
은,36.29999923706055,0.900593400858222,2025-06-23 00:00:00-04:00,2025-06-24 00:31:02.584506
구리,4.8470001220703125,0.4351410592147542,2025-06-23 00:00:00-04:00,2025-06-24 00:31:03.246308
천연가스,3.7100000381469727,-3.561212624075121,2025-06-23 00:00:00-04:00,2025-06-24 00:31:03.919642
옥수수,433.5,1.1078717201166182,2025-06-23 00:00:00-04:00,2025-06-24 00:31:04.568295
대두,1047.75,-1.8960674157303372,2025-06-23 00:00:00-04:00,2025-06-24 00:31:05.223470
밀,566.5,-0.22016732716864817,2025-06-23 00:00:00-04:00,2025-06-24 00:31:05.985259
