year,quarter,stock_code,stock_name,매출액,영업이익,법인세차감전순이익,당기순이익,자산총계,부채총계,자본총계,자본금,이익잉여금
2023,1Q,000120,CJ대한통운,2807819702823.0,99035819179.0,65865094133.0,48420730647.0,9855344568363.0,5730470400320.0,4124874168043.0,114061720000.0,954904485459.0
2023,1Q,000480,시알홀딩스,191368383078.0,5449483098.0,5077725108.0,3226502995.0,1570463391780.0,745704353939.0,824759037841.0,20000000000.0,601871131253.0
2023,1Q,000590,CS홀딩스,42192859377.0,3535684019.0,7569751817.0,6331719089.0,373233943336.0,37656971077.0,335576972259.0,5772410000.0,220755787396.0
2023,1Q,001040,CJ,9777443903000.0,329343493000.0,127192948000.0,11721519000.0,48917620245000.0,31043617243000.0,17874003002000.0,179047370000.0,3907687093000.0
2023,1Q,001460,BYC,36482566057.0,5958142460.0,6561863811.0,5145225070.0,671139109632.0,152514895980.0,518624213652.0,4200000000.0,506606382348.0
2023,1Q,027410,BGF,99191873451.0,11491661151.0,15673392757.0,12548174857.0,1949167851028.0,209258708441.0,1739909142587.0,95716791000.0,764934007231.0
2023,1Q,079160,CJ CGV,393594866657.0,-14096812125.0,-41850715374.0,-38739605611.0,3609284936881.0,3252641511710.0,356643425171.0,23863184000.0,-1170199860478.0
2023,1Q,095570,AJ네트웍스,254011929182.0,20598389675.0,5608754067.0,4755168322.0,1485270229673.0,1098001359235.0,387268870438.0,46822295000.0,237457933448.0
2023,1Q,097950,CJ제일제당,7071159309000.0,252780577000.0,99268066000.0,49317435000.0,30594956700000.0,18803317587000.0,11791639113000.0,81908095000.0,5417464771000.0
2023,1Q,267260,HD현대일렉트릭,568591411601.0,46312030200.0,37607612030.0,28827841247.0,2581882425080.0,1732831494846.0,849050930234.0,180235675000.0,183140725646.0
2023,1Q,282330,BGF리테일,1849561501825.0,37010850560.0,36102352450.0,27705707986.0,3079297231305.0,2159996793970.0,919300437335.0,17283906000.0,556772976274.0
2023,2Q,000120,CJ대한통운,2962432372580.0,112393191910.0,77215740233.0,60114447594.0,9529396798648.0,5378448002488.0,4150948796160.0,114061720000.0,1004340068524.0
2023,2Q,000480,시알홀딩스,198724025357.0,4630589681.0,8260184533.0,6713444581.0,1578694949608.0,755651169261.0,823043780347.0,20000000000.0,607408399090.0
2023,2Q,000590,CS홀딩스,46405901804.0,5664362958.0,6953571131.0,5820959411.0,377838156838.0,36905068983.0,340933087855.0,5772410000.0,225262326499.0
2023,2Q,001040,CJ,10290328664000.0,498890932000.0,157744354000.0,34817052000.0,48095583168000.0,30330856554000.0,17764726614000.0,179047370000.0,3921926315000.0
2023,2Q,001460,BYC,41600304233.0,2915771306.0,3003467386.0,2350039681.0,669654374040.0,148643022258.0,521011351782.0,4200000000.0,508959391185.0
2023,2Q,027410,BGF,111409088909.0,19092415843.0,21884039528.0,18256612213.0,1999025914686.0,223263234725.0,1775762679961.0,95716791000.0,793209201015.0
2023,2Q,079160,CJ CGV,401664136964.0,15777372213.0,-54777868442.0,-57853009815.0,3374188854162.0,3081287006032.0,292901848130.0,23864697000.0,-1219224969509.0
2023,2Q,095570,AJ네트웍스,239768728104.0,15411688599.0,-658246577.0,-743746786.0,1509627092503.0,1116691689706.0,392935402797.0,46822295000.0,236444250764.0
2023,2Q,097950,CJ제일제당,7219425483000.0,344555465000.0,176931181000.0,127454658000.0,30080557602000.0,18246628847000.0,11833928755000.0,81908095000.0,5470158567000.0
2023,2Q,267260,HD현대일렉트릭,642482076734.0,58843523694.0,47502118600.0,37396177054.0,2922375336533.0,2037589083612.0,884786252921.0,180235675000.0,220831041406.0
2023,2Q,282330,BGF리테일,2098224064624.0,78076648531.0,75017391393.0,59502628273.0,3155153687171.0,2176415111680.0,978738575491.0,17283906000.0,616181065489.0
2023,3Q,000120,CJ대한통운,2937071125081.0,124793052129.0,82326538298.0,57698046982.0,9779696012672.0,5550801461033.0,4228894551639.0,114061720000.0,1051904436730.0
2023,3Q,000480,시알홀딩스,195959094766.0,7705971355.0,4470705613.0,5079030141.0,1616025103031.0,788629203885.0,827395899146.0,14072416000.0,610388378377.0
2023,3Q,000590,CS홀딩스,40957509044.0,4435724872.0,7599276941.0,6378119252.0,376649739173.0,32747844110.0,343901895063.0,5769810874.0,227895869078.0
2023,3Q,001040,CJ,10619027201000.0,637467872000.0,507512957000.0,356856024000.0,49036440461000.0,30630199112000.0,18406241349000.0,179047370000.0,4059194253000.0
2023,3Q,001460,BYC,40623925781.0,7285399459.0,6898687667.0,6784076971.0,677506842195.0,149750002609.0,527756839586.0,4200000000.0,515748129437.0
2023,3Q,024110,기업은행,,968530000000.0,988656000000.0,731580000000.0,439981449000000.0,408881773000000.0,31099676000000.0,4211365000000.0,21398561000000.0
2023,3Q,027410,BGF,109178394352.0,23869617560.0,26994771847.0,23835794144.0,2164322357457.0,272010088726.0,1892312268731.0,95716791000.0,816659289740.0
2023,3Q,079160,CJ CGV,,30526617028.0,21852036681.0,14556430668.0,3708367469885.0,3118781249114.0,589586220771.0,61215642500.0,-1204791473488.0
2023,3Q,095570,AJ네트웍스,260961198451.0,20975198834.0,1980216961.0,1477309398.0,1538271726405.0,1141696797177.0,396574929228.0,46822295000.0,232557975027.0
2023,3Q,097950,CJ제일제당,7443449063000.0,395977845000.0,304827046000.0,230762965000.0,30460138039000.0,18297204208000.0,12162933831000.0,81908095000.0,5654949296000.0
2023,3Q,138930,BNK금융지주,,267505046867.0,283310230997.0,212335989678.0,148700222581046.0,137877825259708.0,10822397321338.0,1629676230000.0,7152570691413.0
2023,3Q,267260,HD현대일렉트릭,694418512934.0,85422526521.0,66702534727.0,54275269600.0,2930171875767.0,1987169101668.0,943002774099.0,180235675000.0,274242379320.0
2023,3Q,282330,BGF리테일,2206809870082.0,87022242743.0,89401465362.0,70040379805.0,3274371293126.0,2226807526159.0,1047563766967.0,17283906000.0,686132046680.0
2023,4Q,000120,CJ대한통운,11767893663269.0,480234863157.0,324971450811.0,242876054885.0,9357587266747.0,5314491023876.0,4043096242871.0,114061720000.0,1112394483636.0
2023,4Q,000480,시알홀딩스,816904445534.0,39415273348.0,30979228765.0,26857674151.0,1621801858956.0,795117752139.0,826684106817.0,23445245000.0,605982174201.0
2023,4Q,000590,CS홀딩스,171965239524.0,19128717935.0,27218097586.0,22145557927.0,383909710687.0,36702819606.0,347206891081.0,5772410000.0,232078895872.0
2023,4Q,001040,CJ,41352688159000.0,2039057889000.0,985934697000.0,524667990000.0,47203762893000.0,29310944319000.0,17892818574000.0,179047370000.0,4062667674000.0
2023,4Q,001460,BYC,168401523886.0,27498394275.0,28975644832.0,23666593032.0,685663060325.0,150742490158.0,534920570167.0,4200000000.0,523328102093.0
2023,4Q,011150,CJ씨푸드,148348807287.0,4139339998.0,4939186258.0,4435393624.0,168208968603.0,90158644701.0,78050323902.0,18065386500.0,61712537212.0
2023,4Q,024110,기업은행,,3432281000000.0,3493037000000.0,2675188000000.0,448427279000000.0,416610518000000.0,31816761000000.0,4211365000000.0,21889945000000.0
2023,4Q,027410,BGF,443173612089.0,70546076287.0,79932338898.0,69136637008.0,2171266453121.0,270623116664.0,1900643336457.0,95716791000.0,824655828956.0
2023,4Q,079160,CJ CGV,1545839243146.0,49065796701.0,-117502067835.0,-123353396404.0,3194214710432.0,2932973509969.0,261241200463.0,61215781000.0,-1243021793153.0
2023,4Q,095570,AJ네트웍스,1001975993554.0,78385856886.0,29019629173.0,16472354950.0,1622157341878.0,1202505532188.0,419651809690.0,46822295000.0,245359592683.0
2023,4Q,097950,CJ제일제당,29023472909000.0,1291582413000.0,732033865000.0,559462096000.0,29606279551000.0,17826337301000.0,11779942250000.0,81908095000.0,5731488854000.0
2023,4Q,138930,BNK금융지주,,801174464908.0,875560552422.0,678904864314.0,145783633894264.0,135109931812961.0,10673702081303.0,1629676230000.0,7121660935167.0
2023,4Q,267260,HD현대일렉트릭,2702799337370.0,315218290721.0,310516406757.0,259455508262.0,2910160077690.0,1853129751520.0,1057030326170.0,180235675000.0,396620702346.0
2023,4Q,282330,BGF리테일,8194753978897.0,253187753623.0,248351308976.0,195844952003.0,3219078523118.0,2144625475397.0,1074453047721.0,17283906000.0,712263642465.0
2024,1Q,000120,CJ대한통운,2921425893480.0,109365332567.0,75266536762.0,55434587929.0,9483787045856.0,5582547509213.0,3901239536643.0,114061720000.0,1148740753672.0
2024,1Q,000480,시알홀딩스,196660410060.0,10124916359.0,12616900104.0,9773834396.0,1627012949725.0,808716933976.0,818296015749.0,23445245000.0,598198834049.0
2024,1Q,000590,CS홀딩스,39357482675.0,4185348055.0,8603710329.0,7208735101.0,391992343311.0,39094287822.0,352898055489.0,5772410000.0,237427612456.0
2024,1Q,001040,CJ,10435840597000.0,576155649000.0,309370472000.0,150839495000.0,48646651469000.0,30660884932000.0,17985766537000.0,179047370000.0,4032579854000.0
2024,1Q,001460,BYC,38666832190.0,5147595741.0,5235241224.0,3969717551.0,689127079900.0,152702150525.0,536424929375.0,4200000000.0,524785764020.0
2024,1Q,011150,CJ씨푸드,52495885514.0,1333281364.0,1445692105.0,1427501055.0,174824533813.0,95392902113.0,79431631700.0,18065386500.0,63140038267.0
2024,1Q,024110,기업은행,,1029741000000.0,1027178000000.0,784473000000.0,453377431000000.0,421389767000000.0,31987664000000.0,4211365000000.0,21848409000000.0
2024,1Q,027410,BGF,118545089458.0,11321066936.0,14193423772.0,11504659314.0,2181998356159.0,282061699806.0,1899936656353.0,95716791000.0,823222803801.0
2024,1Q,079160,CJ CGV,392945522607.0,4540791362.0,-48009771350.0,-41089046392.0,3336244100845.0,2967880201810.0,368363899035.0,61216069500.0,-1284158582598.0
2024,1Q,095570,AJ네트웍스,244782826887.0,19471017345.0,6591549470.0,5283266850.0,1694333749687.0,1276252220138.0,418081529549.0,46822295000.0,238550884060.0
2024,1Q,097950,CJ제일제당,7215960546000.0,375944152000.0,207587372000.0,154627125000.0,30266022683000.0,18466372277000.0,11799650406000.0,81908095000.0,5783213048000.0
2024,1Q,138930,BNK금융지주,,311477465132.0,342108550219.0,254635531544.0,148971777549573.0,138138140473647.0,10833637075926.0,1629676230000.0,7225534097616.0
2024,1Q,267260,HD현대일렉트릭,800977985167.0,128779051600.0,122748406704.0,93417478481.0,3124840870657.0,2001551203349.0,1123289667308.0,180235675000.0,454613915936.0
2024,1Q,282330,BGF리테일,1953820037832.0,32625992551.0,30943439980.0,23401938961.0,3228597678277.0,2202125438389.0,1026472239888.0,17283906000.0,664680511199.0
2024,2Q,000120,CJ대한통운,3059182081054.0,125360555896.0,84902803894.0,61306671861.0,9530078602954.0,5557418695584.0,3972659907370.0,114061720000.0,1199605274844.0
2024,2Q,000480,시알홀딩스,201928346636.0,6403489306.0,2356033478.0,2306748437.0,1649063208474.0,831183924745.0,817879283729.0,23445245000.0,592556483677.0
2024,2Q,000590,CS홀딩스,30812809216.0,6354270500.0,8930645903.0,7176300291.0,399373467249.0,41302935061.0,358070532188.0,5772410000.0,243327709092.0
2024,2Q,001040,CJ,10682936102000.0,666350287000.0,437148514000.0,308509806000.0,48279086592000.0,30214005843000.0,18065080749000.0,179047370000.0,4222040170000.0
2024,2Q,001460,BYC,41210525658.0,2189379520.0,1603348285.0,1157335208.0,685463992880.0,147886997530.0,537576995350.0,4200000000.0,525948520473.0
2024,2Q,011150,CJ씨푸드,47497113882.0,-170931382.0,179382201.0,74041839.0,171186257898.0,91289496669.0,79896761229.0,18065386500.0,63214080106.0
2024,2Q,024110,기업은행,,827586000000.0,824706000000.0,609693000000.0,461913974000000.0,429300729000000.0,32613245000000.0,4211365000000.0,22414634000000.0
2024,2Q,027410,BGF,113493930088.0,16526438982.0,18796449325.0,17677871260.0,2184102185776.0,267039279834.0,1917062905942.0,95716791000.0,840787567213.0
2024,2Q,079160,CJ CGV,429940035091.0,22344869877.0,-7652822331.0,-6706164809.0,4132514536737.0,3326846712132.0,805667824605.0,82789725500.0,-1292932960077.0
2024,2Q,095570,AJ네트웍스,279408236963.0,21005089595.0,4672026031.0,3184262054.0,1761913702947.0,1337215536975.0,424698165972.0,46822295000.0,241740549639.0
2024,2Q,097950,CJ제일제당,7238674606000.0,383560174000.0,205037807000.0,147817432000.0,30184226778000.0,18093568564000.0,12090658214000.0,81908095000.0,5864818421000.0
2024,2Q,138930,BNK금융지주,,294309101262.0,320456115238.0,248232566094.0,150088886153323.0,139008441501643.0,11080444651680.0,1629676230000.0,7459526129169.0
2024,2Q,267260,HD현대일렉트릭,916909063295.0,210055878805.0,209483650336.0,161208877690.0,3318982426962.0,2026541291612.0,1292441135350.0,180235675000.0,616082082725.0
2024,2Q,282330,BGF리테일,2202880660591.0,76214866056.0,73879198940.0,58485751903.0,3244502006139.0,2158041524956.0,1086460481183.0,17283906000.0,723123955427.0
2024,3Q,000120,CJ대한통운,2975813507770.0,141611194932.0,83845022196.0,59965743742.0,9375404036222.0,5366139593103.0,4009264443119.0,114061720000.0,1254619378036.0
2024,3Q,000480,시알홀딩스,202556390259.0,13365618080.0,13461360190.0,8363092537.0,1678998415299.0,847746005163.0,831252410136.0,23445245000.0,594953332135.0
2024,3Q,000590,CS홀딩스,33821692460.0,5149767019.0,6900056424.0,5393052417.0,401182469662.0,40500460782.0,360682008880.0,5772410000.0,247339091706.0
2024,3Q,001040,CJ,10845151437000.0,674847742000.0,37318486000.0,-295199439000.0,46014324018000.0,28704635114000.0,17309688904000.0,179047370000.0,4068341769000.0
2024,3Q,001460,BYC,38129778552.0,5800647974.0,6317824039.0,5096184345.0,690468882729.0,147855987822.0,542612894907.0,4200000000.0,531040203135.0
2024,3Q,011150,CJ씨푸드,53620145002.0,787862549.0,2149618885.0,2005912786.0,164780284940.0,81781549868.0,82998735072.0,18065386500.0,65219992892.0
2024,3Q,024110,기업은행,,1126080000000.0,1084751000000.0,803559000000.0,458374265000000.0,424646503000000.0,33727762000000.0,4211365000000.0,23172744000000.0
2024,3Q,027410,BGF,110919127367.0,21095723365.0,27092443579.0,52327509728.0,2209305201335.0,242463552401.0,1966841648934.0,95716791000.0,893411659462.0
2024,3Q,079160,CJ CGV,547000605219.0,32071228182.0,12252746820.0,8030109536.0,4076038420577.0,3249133358193.0,826905062384.0,82790001500.0,-1293917827233.0
2024,3Q,095570,AJ네트웍스,249792843134.0,19596543446.0,14161182014.0,10927476944.0,1738013845053.0,1309719939003.0,428293906050.0,46822295000.0,252667955736.0
2024,3Q,097950,CJ제일제당,7414278491000.0,416193547000.0,271610251000.0,212228445000.0,28941553848000.0,16952500240000.0,11989053608000.0,81908095000.0,6008215473000.0
2024,3Q,138930,BNK금융지주,,241534976306.0,292431188917.0,218409801818.0,150875264919647.0,139753018292781.0,11122246626866.0,1629676230000.0,7586499071095.0
2024,3Q,267260,HD현대일렉트릭,788748822280.0,163816858051.0,152600079552.0,116609459856.0,3352468728922.0,1955616622238.0,1396852106684.0,180235675000.0,732933050823.0
2024,3Q,282330,BGF리테일,2325582280004.0,91155803123.0,89092437649.0,69865497828.0,3346627797423.0,2192446183492.0,1154181613931.0,17283906000.0,792954581706.0
2024,4Q,000120,CJ대한통운,12116761147160.0,530663067133.0,378346154677.0,268320297629.0,9743855522383.0,5518255667581.0,4225599854802.0,114061720000.0,1325383720317.0
2024,4Q,000480,시알홀딩스,810831515000.0,17438364000.0,11714493000.0,2470935000.0,1697695581000.0,835588274000.0,862107307000.0,23445245000.0,603555450000.0
2024,4Q,000590,CS홀딩스,141950747269.0,22314081505.0,48629778633.0,37853224906.0,412586797943.0,35090175721.0,377496622222.0,5772410000.0,262642173497.0
2024,4Q,001040,CJ,43646656090000.0,2547483645000.0,708801812000.0,151195776000.0,47496993224000.0,29750607288000.0,17746385936000.0,179047370000.0,4037835662000.0
2024,4Q,001460,BYC,165207568941.0,23832906913.0,23376621183.0,18404839494.0,696400955313.0,146993205799.0,549407749514.0,4200000000.0,538376938277.0
2024,4Q,011150,CJ씨푸드,193717170281.0,4357856052.0,5587462995.0,5019262467.0,173079219891.0,89450601925.0,83628617966.0,18065386500.0,65026359120.0
2024,4Q,024110,기업은행,,3594087000000.0,3567503000000.0,2654338000000.0,472219838000000.0,437988747000000.0,34231091000000.0,4211365000000.0,23593122000000.0
2024,4Q,027410,BGF,434085472661.0,55229112297.0,70656336980.0,94776625368.0,2300978258450.0,319875641992.0,1981102616458.0,95716791000.0,904131961886.0
2024,4Q,079160,CJ CGV,1957884214182.0,75933768898.0,-163633902253.0,-175469437302.0,3997014314732.0,3420269607130.0,576744707602.0,82790076500.0,-1418393095032.0
2024,4Q,095570,AJ네트웍스,1014156314426.0,72790207643.0,27869842632.0,21600800986.0,1717770434389.0,1274047255964.0,443723178425.0,46822295000.0,254974475763.0
2024,4Q,097950,CJ제일제당,29359081823000.0,1553017638000.0,610527403000.0,361835555000.0,30149997467000.0,17907211781000.0,12242785686000.0,81908095000.0,5747132929000.0
2024,4Q,138930,BNK금융지주,,875919821432.0,991785712705.0,749976302023.0,152470490926534.0,141322916379933.0,11147574546601.0,1629676230000.0,7604753054577.0
2024,4Q,267260,HD현대일렉트릭,3322349007529.0,668970713547.0,650071931824.0,498409535389.0,3795545096460.0,2288027971862.0,1507517124598.0,180235675000.0,815876343990.0
2024,4Q,282330,BGF리테일,8698757469111.0,251641247239.0,245348753090.0,195217876198.0,3402590175982.0,2218457219442.0,1184132956540.0,17283906000.0,830954981044.0
2025,1Q,000120,CJ대한통운,2992585545195.0,85366748157.0,52780966618.0,40977283248.0,9917468022880.0,5655838404778.0,4261629618102.0,114061720000.0,1341324827316.0
2025,1Q,000480,시알홀딩스,203229950000.0,6704051000.0,-1792429000.0,-2767032000.0,1630008108000.0,794623023000.0,835385085000.0,23445245000.0,608001508000.0
2025,1Q,000590,CS홀딩스,32837107732.0,5253926828.0,8445567414.0,6922117521.0,418653809280.0,35514278353.0,383139530927.0,5772410000.0,267964041716.0
2025,1Q,001040,CJ,10600439111000.0,534964591000.0,269473132000.0,136435994000.0,47510288584000.0,29788181556000.0,17722107028000.0,179047370000.0,4005766040000.0
2025,1Q,001460,BYC,35340964470.0,4202198337.0,4121586088.0,3201194704.0,713964910888.0,164721826630.0,549243084258.0,4200000000.0,538659670524.0
2025,1Q,011150,CJ씨푸드,52528283248.0,-1000475233.0,176488181.0,230991938.0,176878437980.0,92891876246.0,83986561734.0,18065386500.0,65257351058.0
2025,1Q,027410,BGF,105946989429.0,5151855801.0,4148127490.0,4504671087.0,2297336644743.0,324916419599.0,1972420225144.0,95716791000.0,896583796859.0
2025,1Q,079160,CJ CGV,533590697727.0,3200890054.0,-33471296176.0,-38091392748.0,3927187629707.0,3383477417968.0,543710211739.0,82790134500.0,-1459716179898.0
2025,1Q,095570,AJ네트웍스,261122037529.0,15948417838.0,3161267880.0,5183305353.0,1758818519349.0,1322536792752.0,436281726597.0,46822295000.0,248491783735.0
2025,1Q,097950,CJ제일제당,7208471055000.0,333167940000.0,182030071000.0,57388640000.0,30256591579000.0,18012573550000.0,12244018029000.0,81908095000.0,5715249218000.0
2025,1Q,138930,BNK금융지주,,205841068949.0,227678068639.0,171831732721.0,153914769364963.0,142956574749037.0,10958194615926.0,1629676230000.0,7598066760191.0
2025,1Q,267260,HD현대일렉트릭,1014667829225.0,218178415835.0,207600562538.0,153416990510.0,4237266337753.0,2728064346860.0,1509201990893.0,180235675000.0,816979597810.0
2025,1Q,282330,BGF리테일,2016470142403.0,22625658073.0,17258137167.0,13360723881.0,3346641830138.0,2219280946912.0,1127360883226.0,17283906000.0,773283739054.0
